-- --------------------------------------------------------
-- Host:                         127.0.0.1
-- Server version:               8.0.24 - MySQL Community Server - GPL
-- Server OS:                    Win64
-- HeidiSQL Version:             11.3.0.6376
-- --------------------------------------------------------

/*!40101 SET @OLD_CHARACTER_SET_CLIENT=@@CHARACTER_SET_CLIENT */;
/*!40101 SET NAMES utf8 */;
/*!50503 SET NAMES utf8mb4 */;
/*!40103 SET @OLD_TIME_ZONE=@@TIME_ZONE */;
/*!40103 SET TIME_ZONE='+00:00' */;
/*!40014 SET @OLD_FOREIGN_KEY_CHECKS=@@FOREIGN_KEY_CHECKS, FOREIGN_KEY_CHECKS=0 */;
/*!40101 SET @OLD_SQL_MODE=@@SQL_MODE, SQL_MODE='NO_AUTO_VALUE_ON_ZERO' */;
/*!40111 SET @OLD_SQL_NOTES=@@SQL_NOTES, SQL_NOTES=0 */;

-- Dumping structure for table label_img_db.blocks
CREATE TABLE IF NOT EXISTS `blocks` (
  `id` bigint unsigned NOT NULL AUTO_INCREMENT,
  `image_id` bigint unsigned NOT NULL,
  `no_img` tinyint DEFAULT NULL,
  `size` int DEFAULT NULL,
  `top` int DEFAULT NULL,
  `left` int DEFAULT NULL,
  `width` int DEFAULT NULL,
  `height` int DEFAULT NULL,
  `created_at` timestamp NULL DEFAULT NULL,
  `updated_at` timestamp NULL DEFAULT NULL,
  PRIMARY KEY (`id`),
  KEY `blocks_image_id_foreign` (`image_id`),
  CONSTRAINT `blocks_image_id_foreign` FOREIGN KEY (`image_id`) REFERENCES `images` (`id`) ON DELETE CASCADE
) ENGINE=InnoDB AUTO_INCREMENT=705 DEFAULT CHARSET=utf8mb4 COLLATE=utf8mb4_unicode_ci;

-- Dumping data for table label_img_db.blocks: ~0 rows (approximately)
DELETE FROM `blocks`;
INSERT INTO `blocks` (`id`, `image_id`, `no_img`, `size`, `top`, `left`, `width`, `height`, `created_at`, `updated_at`) VALUES
	(673, 10000129, 0, 0, 13, 46, 128, 128, '2024-02-15 10:11:21', '2024-02-15 10:11:21'),
	(674, 10000129, 1, 0, 13, 174, 128, 128, '2024-02-15 10:11:21', '2024-02-15 10:11:21'),
	(675, 10000129, 2, 0, 13, 302, 128, 128, '2024-02-15 10:11:21', '2024-02-15 10:11:21'),
	(676, 10000129, 3, 0, 13, 430, 128, 128, '2024-02-15 10:11:22', '2024-02-15 10:11:22'),
	(677, 10000129, 4, 0, 141, 46, 128, 128, '2024-02-15 10:11:22', '2024-02-15 10:11:22'),
	(678, 10000129, 5, 0, 141, 174, 128, 128, '2024-02-15 10:11:22', '2024-02-15 10:11:22'),
	(679, 10000129, 6, 0, 141, 302, 128, 128, '2024-02-15 10:11:22', '2024-02-15 10:11:22'),
	(680, 10000129, 7, 0, 141, 430, 128, 128, '2024-02-15 10:11:22', '2024-02-15 10:11:22'),
	(681, 10000129, 8, 0, 269, 46, 128, 128, '2024-02-15 10:11:22', '2024-02-15 10:11:22'),
	(682, 10000129, 9, 0, 269, 174, 128, 128, '2024-02-15 10:11:22', '2024-02-15 10:11:22'),
	(683, 10000129, 10, 0, 269, 302, 128, 128, '2024-02-15 10:11:22', '2024-02-15 10:11:22'),
	(684, 10000129, 11, 0, 269, 430, 128, 128, '2024-02-15 10:11:22', '2024-02-15 10:11:22'),
	(685, 10000129, 12, 0, 397, 46, 128, 128, '2024-02-15 10:11:22', '2024-02-15 10:11:22'),
	(686, 10000129, 13, 0, 397, 174, 128, 128, '2024-02-15 10:11:22', '2024-02-15 10:11:22'),
	(687, 10000129, 14, 0, 397, 302, 128, 128, '2024-02-15 10:11:22', '2024-02-15 10:11:22'),
	(688, 10000129, 15, 0, 397, 430, 128, 128, '2024-02-15 10:11:22', '2024-02-15 10:11:22'),
	(689, 10000130, 0, 0, 13, 46, 128, 128, '2024-02-15 10:11:31', '2024-02-15 10:11:31'),
	(690, 10000130, 1, 0, 13, 174, 128, 128, '2024-02-15 10:11:31', '2024-02-15 10:11:31'),
	(691, 10000130, 2, 0, 13, 302, 128, 128, '2024-02-15 10:11:31', '2024-02-15 10:11:31'),
	(692, 10000130, 3, 0, 13, 430, 128, 128, '2024-02-15 10:11:31', '2024-02-15 10:11:31'),
	(693, 10000130, 4, 0, 141, 46, 128, 128, '2024-02-15 10:11:31', '2024-02-15 10:11:31'),
	(694, 10000130, 5, 0, 141, 174, 128, 128, '2024-02-15 10:11:31', '2024-02-15 10:11:31'),
	(695, 10000130, 6, 0, 141, 302, 128, 128, '2024-02-15 10:11:31', '2024-02-15 10:11:31'),
	(696, 10000130, 7, 0, 141, 430, 128, 128, '2024-02-15 10:11:31', '2024-02-15 10:11:31'),
	(697, 10000130, 8, 0, 269, 46, 128, 128, '2024-02-15 10:11:31', '2024-02-15 10:11:31'),
	(698, 10000130, 9, 0, 269, 174, 128, 128, '2024-02-15 10:11:31', '2024-02-15 10:11:31'),
	(699, 10000130, 10, 0, 269, 302, 128, 128, '2024-02-15 10:11:31', '2024-02-15 10:11:31'),
	(700, 10000130, 11, 0, 269, 430, 128, 128, '2024-02-15 10:11:31', '2024-02-15 10:11:31'),
	(701, 10000130, 12, 0, 397, 46, 128, 128, '2024-02-15 10:11:31', '2024-02-15 10:11:31'),
	(702, 10000130, 13, 0, 397, 174, 128, 128, '2024-02-15 10:11:31', '2024-02-15 10:11:31'),
	(703, 10000130, 14, 0, 397, 302, 128, 128, '2024-02-15 10:11:31', '2024-02-15 10:11:31'),
	(704, 10000130, 15, 0, 397, 430, 128, 128, '2024-02-15 10:11:31', '2024-02-15 10:11:31');

-- Dumping structure for table label_img_db.block_labels
CREATE TABLE IF NOT EXISTS `block_labels` (
  `id` bigint unsigned NOT NULL AUTO_INCREMENT,
  `block_id` bigint unsigned NOT NULL,
  `label_id` bigint unsigned NOT NULL,
  `user_id` bigint NOT NULL,
  `accuracy` double DEFAULT NULL,
  `created_at` timestamp NULL DEFAULT NULL,
  `updated_at` timestamp NULL DEFAULT NULL,
  PRIMARY KEY (`id`),
  KEY `block_labels_block_id_foreign` (`block_id`),
  KEY `block_labels_label_id_foreign` (`label_id`),
  CONSTRAINT `block_labels_block_id_foreign` FOREIGN KEY (`block_id`) REFERENCES `blocks` (`id`) ON DELETE CASCADE,
  CONSTRAINT `block_labels_label_id_foreign` FOREIGN KEY (`label_id`) REFERENCES `labels` (`id`) ON DELETE CASCADE
) ENGINE=InnoDB AUTO_INCREMENT=1633 DEFAULT CHARSET=utf8mb4 COLLATE=utf8mb4_unicode_ci;

-- Dumping data for table label_img_db.block_labels: ~64 rows (approximately)
DELETE FROM `block_labels`;
INSERT INTO `block_labels` (`id`, `block_id`, `label_id`, `user_id`, `accuracy`, `created_at`, `updated_at`) VALUES
	(1569, 673, 6, -1, 99.488443136215, '2024-02-15 10:11:21', '2024-02-15 10:11:21'),
	(1570, 673, 11, -1, 70.25740146637, '2024-02-15 10:11:21', '2024-02-15 10:11:21'),
	(1571, 674, 6, -1, 99.80280995369, '2024-02-15 10:11:21', '2024-02-15 10:11:21'),
	(1572, 674, 13, -1, 86.938482522964, '2024-02-15 10:11:21', '2024-02-15 10:11:21'),
	(1573, 675, 6, -1, 99.929296970367, '2024-02-15 10:11:21', '2024-02-15 10:11:21'),
	(1574, 675, 12, -1, 80.319970846176, '2024-02-15 10:11:22', '2024-02-15 10:11:22'),
	(1575, 676, 6, -1, 99.923157691956, '2024-02-15 10:11:22', '2024-02-15 10:11:22'),
	(1576, 676, 13, -1, 76.551449298859, '2024-02-15 10:11:22', '2024-02-15 10:11:22'),
	(1577, 677, 5, -1, 97.575640678406, '2024-02-15 10:11:22', '2024-02-15 10:11:22'),
	(1578, 677, 15, -1, 100, '2024-02-15 10:11:22', '2024-02-15 10:11:22'),
	(1579, 678, 6, -1, 72.856414318085, '2024-02-15 10:11:22', '2024-02-15 10:11:22'),
	(1580, 678, 13, -1, 99.933052062988, '2024-02-15 10:11:22', '2024-02-15 10:11:22'),
	(1581, 679, 6, -1, 99.505335092545, '2024-02-15 10:11:22', '2024-02-15 10:11:22'),
	(1582, 679, 13, -1, 97.462636232376, '2024-02-15 10:11:22', '2024-02-15 10:11:22'),
	(1583, 680, 6, -1, 99.995672702789, '2024-02-15 10:11:22', '2024-02-15 10:11:22'),
	(1584, 680, 13, -1, 79.409497976303, '2024-02-15 10:11:22', '2024-02-15 10:11:22'),
	(1585, 681, 5, -1, 99.909543991089, '2024-02-15 10:11:22', '2024-02-15 10:11:22'),
	(1586, 681, 15, -1, 100, '2024-02-15 10:11:22', '2024-02-15 10:11:22'),
	(1587, 682, 6, -1, 99.968934059143, '2024-02-15 10:11:22', '2024-02-15 10:11:22'),
	(1588, 682, 13, -1, 82.623273134232, '2024-02-15 10:11:22', '2024-02-15 10:11:22'),
	(1589, 683, 6, -1, 99.999964237213, '2024-02-15 10:11:22', '2024-02-15 10:11:22'),
	(1590, 683, 11, -1, 94.503200054169, '2024-02-15 10:11:22', '2024-02-15 10:11:22'),
	(1591, 684, 6, -1, 99.992668628693, '2024-02-15 10:11:22', '2024-02-15 10:11:22'),
	(1592, 684, 13, -1, 97.485500574112, '2024-02-15 10:11:22', '2024-02-15 10:11:22'),
	(1593, 685, 5, -1, 100, '2024-02-15 10:11:22', '2024-02-15 10:11:22'),
	(1594, 685, 15, -1, 100, '2024-02-15 10:11:22', '2024-02-15 10:11:22'),
	(1595, 686, 5, -1, 100, '2024-02-15 10:11:22', '2024-02-15 10:11:22'),
	(1596, 686, 15, -1, 100, '2024-02-15 10:11:22', '2024-02-15 10:11:22'),
	(1597, 687, 6, -1, 99.999582767487, '2024-02-15 10:11:22', '2024-02-15 10:11:22'),
	(1598, 687, 11, -1, 85.808211565018, '2024-02-15 10:11:22', '2024-02-15 10:11:22'),
	(1599, 688, 6, -1, 99.999594688416, '2024-02-15 10:11:22', '2024-02-15 10:11:22'),
	(1600, 688, 12, -1, 67.734372615814, '2024-02-15 10:11:22', '2024-02-15 10:11:22'),
	(1601, 689, 6, -1, 99.488443136215, '2024-02-15 10:11:31', '2024-02-15 10:11:31'),
	(1602, 689, 11, -1, 70.25740146637, '2024-02-15 10:11:31', '2024-02-15 10:11:31'),
	(1603, 690, 6, -1, 99.80280995369, '2024-02-15 10:11:31', '2024-02-15 10:11:31'),
	(1604, 690, 13, -1, 86.938482522964, '2024-02-15 10:11:31', '2024-02-15 10:11:31'),
	(1605, 691, 6, -1, 99.929296970367, '2024-02-15 10:11:31', '2024-02-15 10:11:31'),
	(1606, 691, 12, -1, 80.319970846176, '2024-02-15 10:11:31', '2024-02-15 10:11:31'),
	(1607, 692, 6, -1, 99.923157691956, '2024-02-15 10:11:31', '2024-02-15 10:11:31'),
	(1608, 692, 13, -1, 76.551449298859, '2024-02-15 10:11:31', '2024-02-15 10:11:31'),
	(1609, 693, 5, -1, 97.575640678406, '2024-02-15 10:11:31', '2024-02-15 10:11:31'),
	(1610, 693, 15, -1, 100, '2024-02-15 10:11:31', '2024-02-15 10:11:31'),
	(1611, 694, 6, -1, 72.856414318085, '2024-02-15 10:11:31', '2024-02-15 10:11:31'),
	(1612, 694, 13, -1, 99.933052062988, '2024-02-15 10:11:31', '2024-02-15 10:11:31'),
	(1613, 695, 6, -1, 99.505335092545, '2024-02-15 10:11:31', '2024-02-15 10:11:31'),
	(1614, 695, 13, -1, 97.462636232376, '2024-02-15 10:11:31', '2024-02-15 10:11:31'),
	(1615, 696, 6, -1, 99.995672702789, '2024-02-15 10:11:31', '2024-02-15 10:11:31'),
	(1616, 696, 13, -1, 79.409497976303, '2024-02-15 10:11:31', '2024-02-15 10:11:31'),
	(1617, 697, 5, -1, 99.909543991089, '2024-02-15 10:11:31', '2024-02-15 10:11:31'),
	(1618, 697, 15, -1, 100, '2024-02-15 10:11:31', '2024-02-15 10:11:31'),
	(1619, 698, 6, -1, 99.968934059143, '2024-02-15 10:11:31', '2024-02-15 10:11:31'),
	(1620, 698, 13, -1, 82.623273134232, '2024-02-15 10:11:31', '2024-02-15 10:11:31'),
	(1621, 699, 6, -1, 99.999964237213, '2024-02-15 10:11:31', '2024-02-15 10:11:31'),
	(1622, 699, 11, -1, 94.503200054169, '2024-02-15 10:11:31', '2024-02-15 10:11:31'),
	(1623, 700, 6, -1, 99.992668628693, '2024-02-15 10:11:31', '2024-02-15 10:11:31'),
	(1624, 700, 13, -1, 97.485500574112, '2024-02-15 10:11:31', '2024-02-15 10:11:31'),
	(1625, 701, 5, -1, 100, '2024-02-15 10:11:31', '2024-02-15 10:11:31'),
	(1626, 701, 15, -1, 100, '2024-02-15 10:11:31', '2024-02-15 10:11:31'),
	(1627, 702, 5, -1, 100, '2024-02-15 10:11:31', '2024-02-15 10:11:31'),
	(1628, 702, 15, -1, 100, '2024-02-15 10:11:31', '2024-02-15 10:11:31'),
	(1629, 703, 6, -1, 99.999582767487, '2024-02-15 10:11:31', '2024-02-15 10:11:31'),
	(1630, 703, 11, -1, 85.808211565018, '2024-02-15 10:11:31', '2024-02-15 10:11:31'),
	(1631, 704, 6, -1, 99.999594688416, '2024-02-15 10:11:31', '2024-02-15 10:11:31'),
	(1632, 704, 12, -1, 67.734372615814, '2024-02-15 10:11:31', '2024-02-15 10:11:31');

-- Dumping structure for table label_img_db.categories
CREATE TABLE IF NOT EXISTS `categories` (
  `id` bigint unsigned NOT NULL AUTO_INCREMENT,
  `name` varchar(255) COLLATE utf8mb4_unicode_ci NOT NULL,
  `slug` text COLLATE utf8mb4_unicode_ci,
  `created_at` timestamp NULL DEFAULT NULL,
  `updated_at` timestamp NULL DEFAULT NULL,
  PRIMARY KEY (`id`),
  UNIQUE KEY `categories_name_unique` (`name`)
) ENGINE=InnoDB AUTO_INCREMENT=17 DEFAULT CHARSET=utf8mb4 COLLATE=utf8mb4_unicode_ci;

-- Dumping data for table label_img_db.categories: ~4 rows (approximately)
DELETE FROM `categories`;
INSERT INTO `categories` (`id`, `name`, `slug`, `created_at`, `updated_at`) VALUES
	(1, 'Image Quality', 'image-quality', '2024-02-04 00:02:09', '2024-02-04 00:02:09'),
	(2, 'Block Image Quality', 'block-image-quality', '2024-02-04 00:02:22', '2024-02-04 00:02:22'),
	(3, 'Lesions', 'classification', '2024-02-04 00:02:37', '2024-02-06 18:42:08'),
	(4, 'Zone', 'zone', '2024-02-04 00:02:46', '2024-02-04 00:02:46');

-- Dumping structure for table label_img_db.failed_jobs
CREATE TABLE IF NOT EXISTS `failed_jobs` (
  `id` bigint unsigned NOT NULL AUTO_INCREMENT,
  `uuid` varchar(255) COLLATE utf8mb4_unicode_ci NOT NULL,
  `connection` text COLLATE utf8mb4_unicode_ci NOT NULL,
  `queue` text COLLATE utf8mb4_unicode_ci NOT NULL,
  `payload` longtext COLLATE utf8mb4_unicode_ci NOT NULL,
  `exception` longtext COLLATE utf8mb4_unicode_ci NOT NULL,
  `failed_at` timestamp NOT NULL DEFAULT CURRENT_TIMESTAMP,
  PRIMARY KEY (`id`),
  UNIQUE KEY `failed_jobs_uuid_unique` (`uuid`)
) ENGINE=InnoDB DEFAULT CHARSET=utf8mb4 COLLATE=utf8mb4_unicode_ci;

-- Dumping data for table label_img_db.failed_jobs: ~0 rows (approximately)
DELETE FROM `failed_jobs`;

-- Dumping structure for table label_img_db.images
CREATE TABLE IF NOT EXISTS `images` (
  `id` bigint unsigned NOT NULL AUTO_INCREMENT,
  `user_id` bigint NOT NULL,
  `project_id` bigint NOT NULL,
  `file_name` varchar(255) COLLATE utf8mb4_unicode_ci DEFAULT '',
  `file_path` varchar(255) COLLATE utf8mb4_unicode_ci DEFAULT '',
  `size` bigint DEFAULT NULL,
  `created_at` timestamp NULL DEFAULT NULL,
  `updated_at` timestamp NULL DEFAULT NULL,
  PRIMARY KEY (`id`)
) ENGINE=InnoDB AUTO_INCREMENT=10000131 DEFAULT CHARSET=utf8mb4 COLLATE=utf8mb4_unicode_ci;

-- Dumping data for table label_img_db.images: ~2 rows (approximately)
DELETE FROM `images`;
INSERT INTO `images` (`id`, `user_id`, `project_id`, `file_name`, `file_path`, `size`, `created_at`, `updated_at`) VALUES
	(10000129, 2, 1000021, 'Image_26133.png', '/storage/1000021/Image_26133.png', 849030, '2024-02-15 10:11:17', '2024-02-15 10:11:17'),
	(10000130, 2, 1000021, 'Image_26133.png', '/storage/1000021/Image_26133.png', 849030, '2024-02-15 10:11:26', '2024-02-15 10:11:26');

-- Dumping structure for table label_img_db.images1
CREATE TABLE IF NOT EXISTS `images1` (
  `id` bigint unsigned NOT NULL AUTO_INCREMENT,
  `user_id` bigint NOT NULL,
  `project_id` bigint NOT NULL,
  `parent_id` bigint DEFAULT '0',
  `file_name` varchar(255) COLLATE utf8mb4_unicode_ci DEFAULT '',
  `file_path` varchar(255) COLLATE utf8mb4_unicode_ci DEFAULT '',
  `size` bigint DEFAULT NULL,
  `top` bigint NOT NULL DEFAULT '0',
  `left` bigint NOT NULL DEFAULT '0',
  `width` bigint NOT NULL DEFAULT '0',
  `height` bigint NOT NULL DEFAULT '0',
  `created_at` timestamp NULL DEFAULT NULL,
  `updated_at` timestamp NULL DEFAULT NULL,
  PRIMARY KEY (`id`)
) ENGINE=InnoDB AUTO_INCREMENT=10000309 DEFAULT CHARSET=utf8mb4 COLLATE=utf8mb4_unicode_ci;

-- Dumping data for table label_img_db.images1: ~187 rows (approximately)
DELETE FROM `images1`;
INSERT INTO `images1` (`id`, `user_id`, `project_id`, `parent_id`, `file_name`, `file_path`, `size`, `top`, `left`, `width`, `height`, `created_at`, `updated_at`) VALUES
	(10000122, 2, 1000000, NULL, 'Image_5045.png', '/storage/1000000/Image_5045.png', 801463, 0, 0, 0, 0, '2024-01-22 09:23:30', '2024-01-22 09:23:30'),
	(10000123, 2, 1000000, NULL, 'Image_5477.png', '/storage/1000000/Image_5477.png', 826414, 0, 0, 0, 0, '2024-01-22 09:23:30', '2024-01-22 09:23:30'),
	(10000124, 2, 1000000, NULL, 'Image_21993.png', '/storage/1000000/Image_21993.png', 754977, 0, 0, 0, 0, '2024-01-22 09:23:30', '2024-01-22 09:23:30'),
	(10000125, 2, 1000000, 10000123, 'Image_5477_0', '', 0, 0, 0, 128, 128, '2024-01-22 09:29:36', '2024-01-22 09:29:36'),
	(10000126, 2, 1000000, 10000123, 'Image_5477_1', '', 0, 0, 128, 128, 128, '2024-01-22 09:29:36', '2024-01-22 09:29:36'),
	(10000127, 2, 1000000, 10000123, 'Image_5477_2', '', 0, 0, 256, 128, 128, '2024-01-22 09:29:36', '2024-01-22 09:29:36'),
	(10000128, 2, 1000000, 10000123, 'Image_5477_3', '', 0, 0, 384, 128, 128, '2024-01-22 09:29:36', '2024-01-22 09:29:36'),
	(10000129, 2, 1000000, 10000123, 'Image_5477_4', '', 0, 128, 0, 128, 128, '2024-01-22 09:29:36', '2024-01-22 09:29:36'),
	(10000130, 2, 1000000, 10000123, 'Image_5477_5', '', 0, 128, 128, 128, 128, '2024-01-22 09:29:36', '2024-01-22 09:29:36'),
	(10000131, 2, 1000000, 10000123, 'Image_5477_6', '', 0, 128, 256, 128, 128, '2024-01-22 09:29:36', '2024-01-22 09:29:36'),
	(10000132, 2, 1000000, 10000123, 'Image_5477_7', '', 0, 128, 384, 128, 128, '2024-01-22 09:29:36', '2024-01-22 09:29:36'),
	(10000133, 2, 1000000, 10000123, 'Image_5477_8', '', 0, 256, 0, 128, 128, '2024-01-22 09:29:36', '2024-01-22 09:29:36'),
	(10000134, 2, 1000000, 10000123, 'Image_5477_9', '', 0, 256, 128, 128, 128, '2024-01-22 09:29:36', '2024-01-22 09:29:36'),
	(10000135, 2, 1000000, 10000123, 'Image_5477_10', '', 0, 256, 256, 128, 128, '2024-01-22 09:29:36', '2024-01-22 09:29:36'),
	(10000136, 2, 1000000, 10000123, 'Image_5477_11', '', 0, 256, 384, 128, 128, '2024-01-22 09:29:36', '2024-01-22 09:29:36'),
	(10000137, 2, 1000000, 10000123, 'Image_5477_12', '', 0, 384, 0, 128, 128, '2024-01-22 09:29:36', '2024-01-22 09:29:36'),
	(10000138, 2, 1000000, 10000123, 'Image_5477_13', '', 0, 384, 128, 128, 128, '2024-01-22 09:29:36', '2024-01-22 09:29:36'),
	(10000139, 2, 1000000, 10000123, 'Image_5477_14', '', 0, 384, 256, 128, 128, '2024-01-22 09:29:36', '2024-01-22 09:29:36'),
	(10000140, 2, 1000000, 10000123, 'Image_5477_15', '', 0, 384, 384, 128, 128, '2024-01-22 09:29:36', '2024-01-22 09:29:36'),
	(10000141, 2, 1000000, 10000122, 'Image_5045_0', '', 0, 0, 0, 128, 128, '2024-01-22 09:29:37', '2024-01-22 09:29:37'),
	(10000142, 2, 1000000, 10000122, 'Image_5045_1', '', 0, 0, 128, 128, 128, '2024-01-22 09:29:37', '2024-01-22 09:29:37'),
	(10000143, 2, 1000000, 10000122, 'Image_5045_2', '', 0, 0, 256, 128, 128, '2024-01-22 09:29:37', '2024-01-22 09:29:37'),
	(10000144, 2, 1000000, 10000122, 'Image_5045_3', '', 0, 0, 384, 128, 128, '2024-01-22 09:29:37', '2024-01-22 09:29:37'),
	(10000145, 2, 1000000, 10000122, 'Image_5045_4', '', 0, 128, 0, 128, 128, '2024-01-22 09:29:37', '2024-01-22 09:29:37'),
	(10000146, 2, 1000000, 10000122, 'Image_5045_5', '', 0, 128, 128, 128, 128, '2024-01-22 09:29:37', '2024-01-22 09:29:37'),
	(10000147, 2, 1000000, 10000122, 'Image_5045_6', '', 0, 128, 256, 128, 128, '2024-01-22 09:29:37', '2024-01-22 09:29:37'),
	(10000148, 2, 1000000, 10000122, 'Image_5045_7', '', 0, 128, 384, 128, 128, '2024-01-22 09:29:37', '2024-01-22 09:29:37'),
	(10000149, 2, 1000000, 10000122, 'Image_5045_8', '', 0, 256, 0, 128, 128, '2024-01-22 09:29:37', '2024-01-22 09:29:37'),
	(10000150, 2, 1000000, 10000122, 'Image_5045_9', '', 0, 256, 128, 128, 128, '2024-01-22 09:29:37', '2024-01-22 09:29:37'),
	(10000151, 2, 1000000, 10000122, 'Image_5045_10', '', 0, 256, 256, 128, 128, '2024-01-22 09:29:37', '2024-01-22 09:29:37'),
	(10000152, 2, 1000000, 10000122, 'Image_5045_11', '', 0, 256, 384, 128, 128, '2024-01-22 09:29:37', '2024-01-22 09:29:37'),
	(10000153, 2, 1000000, 10000122, 'Image_5045_12', '', 0, 384, 0, 128, 128, '2024-01-22 09:29:37', '2024-01-22 09:29:37'),
	(10000154, 2, 1000000, 10000122, 'Image_5045_13', '', 0, 384, 128, 128, 128, '2024-01-22 09:29:37', '2024-01-22 09:29:37'),
	(10000155, 2, 1000000, 10000122, 'Image_5045_14', '', 0, 384, 256, 128, 128, '2024-01-22 09:29:37', '2024-01-22 09:29:37'),
	(10000156, 2, 1000000, 10000122, 'Image_5045_15', '', 0, 384, 384, 128, 128, '2024-01-22 09:29:37', '2024-01-22 09:29:37'),
	(10000157, 2, 1000000, 10000124, 'Image_21993_0', '', 0, 0, 0, 128, 128, '2024-01-22 09:29:37', '2024-01-22 09:29:37'),
	(10000158, 2, 1000000, 10000124, 'Image_21993_1', '', 0, 0, 128, 128, 128, '2024-01-22 09:29:37', '2024-01-22 09:29:37'),
	(10000159, 2, 1000000, 10000124, 'Image_21993_2', '', 0, 0, 256, 128, 128, '2024-01-22 09:29:37', '2024-01-22 09:29:37'),
	(10000160, 2, 1000000, 10000124, 'Image_21993_3', '', 0, 0, 384, 128, 128, '2024-01-22 09:29:37', '2024-01-22 09:29:37'),
	(10000161, 2, 1000000, 10000124, 'Image_21993_4', '', 0, 128, 0, 128, 128, '2024-01-22 09:29:37', '2024-01-22 09:29:37'),
	(10000162, 2, 1000000, 10000124, 'Image_21993_5', '', 0, 128, 128, 128, 128, '2024-01-22 09:29:37', '2024-01-22 09:29:37'),
	(10000163, 2, 1000000, 10000124, 'Image_21993_6', '', 0, 128, 256, 128, 128, '2024-01-22 09:29:37', '2024-01-22 09:29:37'),
	(10000164, 2, 1000000, 10000124, 'Image_21993_7', '', 0, 128, 384, 128, 128, '2024-01-22 09:29:37', '2024-01-22 09:29:37'),
	(10000165, 2, 1000000, 10000124, 'Image_21993_8', '', 0, 256, 0, 128, 128, '2024-01-22 09:29:37', '2024-01-22 09:29:37'),
	(10000166, 2, 1000000, 10000124, 'Image_21993_9', '', 0, 256, 128, 128, 128, '2024-01-22 09:29:37', '2024-01-22 09:29:37'),
	(10000167, 2, 1000000, 10000124, 'Image_21993_10', '', 0, 256, 256, 128, 128, '2024-01-22 09:29:37', '2024-01-22 09:29:37'),
	(10000168, 2, 1000000, 10000124, 'Image_21993_11', '', 0, 256, 384, 128, 128, '2024-01-22 09:29:37', '2024-01-22 09:29:37'),
	(10000169, 2, 1000000, 10000124, 'Image_21993_12', '', 0, 384, 0, 128, 128, '2024-01-22 09:29:37', '2024-01-22 09:29:37'),
	(10000170, 2, 1000000, 10000124, 'Image_21993_13', '', 0, 384, 128, 128, 128, '2024-01-22 09:29:37', '2024-01-22 09:29:37'),
	(10000171, 2, 1000000, 10000124, 'Image_21993_14', '', 0, 384, 256, 128, 128, '2024-01-22 09:29:37', '2024-01-22 09:29:37'),
	(10000172, 2, 1000000, 10000124, 'Image_21993_15', '', 0, 384, 384, 128, 128, '2024-01-22 09:29:37', '2024-01-22 09:29:37'),
	(10000173, 2, 1000000, NULL, 'Image_22028.png', '/storage/1000000/Image_22028.png', 754877, 0, 0, 0, 0, '2024-01-23 02:16:03', '2024-01-23 02:16:03'),
	(10000174, 2, 1000000, NULL, 'Image_27550.png', '/storage/1000000/Image_27550.png', 851852, 0, 0, 0, 0, '2024-01-23 02:16:08', '2024-01-23 02:16:08'),
	(10000175, 2, 1000000, 10000173, 'Image_22028_0', '', 0, 0, 0, 128, 128, '2024-01-23 02:16:23', '2024-01-23 02:16:23'),
	(10000176, 2, 1000000, 10000173, 'Image_22028_1', '', 0, 0, 128, 128, 128, '2024-01-23 02:16:23', '2024-01-23 02:16:23'),
	(10000177, 2, 1000000, 10000173, 'Image_22028_2', '', 0, 0, 256, 128, 128, '2024-01-23 02:16:23', '2024-01-23 02:16:23'),
	(10000178, 2, 1000000, 10000173, 'Image_22028_3', '', 0, 0, 384, 128, 128, '2024-01-23 02:16:23', '2024-01-23 02:16:23'),
	(10000179, 2, 1000000, 10000173, 'Image_22028_4', '', 0, 128, 0, 128, 128, '2024-01-23 02:16:23', '2024-01-23 02:16:23'),
	(10000180, 2, 1000000, 10000173, 'Image_22028_5', '', 0, 128, 128, 128, 128, '2024-01-23 02:16:23', '2024-01-23 02:16:23'),
	(10000181, 2, 1000000, 10000173, 'Image_22028_6', '', 0, 128, 256, 128, 128, '2024-01-23 02:16:23', '2024-01-23 02:16:23'),
	(10000182, 2, 1000000, 10000173, 'Image_22028_7', '', 0, 128, 384, 128, 128, '2024-01-23 02:16:23', '2024-01-23 02:16:23'),
	(10000183, 2, 1000000, 10000173, 'Image_22028_8', '', 0, 256, 0, 128, 128, '2024-01-23 02:16:23', '2024-01-23 02:16:23'),
	(10000184, 2, 1000000, 10000173, 'Image_22028_9', '', 0, 256, 128, 128, 128, '2024-01-23 02:16:23', '2024-01-23 02:16:23'),
	(10000185, 2, 1000000, 10000173, 'Image_22028_10', '', 0, 256, 256, 128, 128, '2024-01-23 02:16:23', '2024-01-23 02:16:23'),
	(10000186, 2, 1000000, 10000173, 'Image_22028_11', '', 0, 256, 384, 128, 128, '2024-01-23 02:16:23', '2024-01-23 02:16:23'),
	(10000187, 2, 1000000, 10000173, 'Image_22028_12', '', 0, 384, 0, 128, 128, '2024-01-23 02:16:23', '2024-01-23 02:16:23'),
	(10000188, 2, 1000000, 10000173, 'Image_22028_13', '', 0, 384, 128, 128, 128, '2024-01-23 02:16:23', '2024-01-23 02:16:23'),
	(10000189, 2, 1000000, 10000173, 'Image_22028_14', '', 0, 384, 256, 128, 128, '2024-01-23 02:16:23', '2024-01-23 02:16:23'),
	(10000190, 2, 1000000, 10000173, 'Image_22028_15', '', 0, 384, 384, 128, 128, '2024-01-23 02:16:23', '2024-01-23 02:16:23'),
	(10000191, 2, 1000000, 10000174, 'Image_27550_0', '', 0, 0, 0, 128, 128, '2024-01-23 02:16:24', '2024-01-23 02:16:24'),
	(10000192, 2, 1000000, 10000174, 'Image_27550_1', '', 0, 0, 128, 128, 128, '2024-01-23 02:16:24', '2024-01-23 02:16:24'),
	(10000193, 2, 1000000, 10000174, 'Image_27550_2', '', 0, 0, 256, 128, 128, '2024-01-23 02:16:24', '2024-01-23 02:16:24'),
	(10000194, 2, 1000000, 10000174, 'Image_27550_3', '', 0, 0, 384, 128, 128, '2024-01-23 02:16:24', '2024-01-23 02:16:24'),
	(10000195, 2, 1000000, 10000174, 'Image_27550_4', '', 0, 128, 0, 128, 128, '2024-01-23 02:16:24', '2024-01-23 02:16:24'),
	(10000196, 2, 1000000, 10000174, 'Image_27550_5', '', 0, 128, 128, 128, 128, '2024-01-23 02:16:24', '2024-01-23 02:16:24'),
	(10000197, 2, 1000000, 10000174, 'Image_27550_6', '', 0, 128, 256, 128, 128, '2024-01-23 02:16:24', '2024-01-23 02:16:24'),
	(10000198, 2, 1000000, 10000174, 'Image_27550_7', '', 0, 128, 384, 128, 128, '2024-01-23 02:16:24', '2024-01-23 02:16:24'),
	(10000199, 2, 1000000, 10000174, 'Image_27550_8', '', 0, 256, 0, 128, 128, '2024-01-23 02:16:24', '2024-01-23 02:16:24'),
	(10000200, 2, 1000000, 10000174, 'Image_27550_9', '', 0, 256, 128, 128, 128, '2024-01-23 02:16:24', '2024-01-23 02:16:24'),
	(10000201, 2, 1000000, 10000174, 'Image_27550_10', '', 0, 256, 256, 128, 128, '2024-01-23 02:16:24', '2024-01-23 02:16:24'),
	(10000202, 2, 1000000, 10000174, 'Image_27550_11', '', 0, 256, 384, 128, 128, '2024-01-23 02:16:24', '2024-01-23 02:16:24'),
	(10000203, 2, 1000000, 10000174, 'Image_27550_12', '', 0, 384, 0, 128, 128, '2024-01-23 02:16:24', '2024-01-23 02:16:24'),
	(10000204, 2, 1000000, 10000174, 'Image_27550_13', '', 0, 384, 128, 128, 128, '2024-01-23 02:16:24', '2024-01-23 02:16:24'),
	(10000205, 2, 1000000, 10000174, 'Image_27550_14', '', 0, 384, 256, 128, 128, '2024-01-23 02:16:24', '2024-01-23 02:16:24'),
	(10000206, 2, 1000000, 10000174, 'Image_27550_15', '', 0, 384, 384, 128, 128, '2024-01-23 02:16:24', '2024-01-23 02:16:24'),
	(10000207, 2, 1000004, NULL, 'Image_21993.png', '/storage/1000004/Image_21993.png', 754977, 0, 0, 0, 0, '2024-01-23 02:21:38', '2024-01-23 02:21:38'),
	(10000208, 2, 1000004, NULL, 'Image_26133.png', '/storage/1000004/Image_26133.png', 849030, 0, 0, 0, 0, '2024-01-23 02:21:38', '2024-01-23 02:21:38'),
	(10000209, 2, 1000004, NULL, 'Image_26625.png', '/storage/1000004/Image_26625.png', 850353, 0, 0, 0, 0, '2024-01-23 02:21:38', '2024-01-23 02:21:38'),
	(10000210, 2, 1000004, NULL, 'Image_25602.png', '/storage/1000004/Image_25602.png', 849088, 0, 0, 0, 0, '2024-01-23 02:21:38', '2024-01-23 02:21:38'),
	(10000211, 2, 1000004, NULL, 'Image_22028.png', '/storage/1000004/Image_22028.png', 754877, 0, 0, 0, 0, '2024-01-23 02:21:39', '2024-01-23 02:21:39'),
	(10000212, 2, 1000004, NULL, 'Image_22148.png', '/storage/1000004/Image_22148.png', 766857, 0, 0, 0, 0, '2024-01-23 02:21:39', '2024-01-23 02:21:39'),
	(10000213, 2, 1000004, 10000212, 'Image_22148_0', '', 0, 0, 0, 128, 128, '2024-01-23 02:22:12', '2024-01-23 02:22:12'),
	(10000214, 2, 1000004, 10000212, 'Image_22148_1', '', 0, 0, 128, 128, 128, '2024-01-23 02:22:12', '2024-01-23 02:22:12'),
	(10000215, 2, 1000004, 10000212, 'Image_22148_2', '', 0, 0, 256, 128, 128, '2024-01-23 02:22:12', '2024-01-23 02:22:12'),
	(10000216, 2, 1000004, 10000212, 'Image_22148_3', '', 0, 0, 384, 128, 128, '2024-01-23 02:22:12', '2024-01-23 02:22:12'),
	(10000217, 2, 1000004, 10000212, 'Image_22148_4', '', 0, 128, 0, 128, 128, '2024-01-23 02:22:12', '2024-01-23 02:22:12'),
	(10000218, 2, 1000004, 10000212, 'Image_22148_5', '', 0, 128, 128, 128, 128, '2024-01-23 02:22:12', '2024-01-23 02:22:12'),
	(10000219, 2, 1000004, 10000212, 'Image_22148_6', '', 0, 128, 256, 128, 128, '2024-01-23 02:22:12', '2024-01-23 02:22:12'),
	(10000220, 2, 1000004, 10000212, 'Image_22148_7', '', 0, 128, 384, 128, 128, '2024-01-23 02:22:12', '2024-01-23 02:22:12'),
	(10000221, 2, 1000004, 10000212, 'Image_22148_8', '', 0, 256, 0, 128, 128, '2024-01-23 02:22:12', '2024-01-23 02:22:12'),
	(10000222, 2, 1000004, 10000212, 'Image_22148_9', '', 0, 256, 128, 128, 128, '2024-01-23 02:22:12', '2024-01-23 02:22:12'),
	(10000223, 2, 1000004, 10000212, 'Image_22148_10', '', 0, 256, 256, 128, 128, '2024-01-23 02:22:12', '2024-01-23 02:22:12'),
	(10000224, 2, 1000004, 10000212, 'Image_22148_11', '', 0, 256, 384, 128, 128, '2024-01-23 02:22:12', '2024-01-23 02:22:12'),
	(10000225, 2, 1000004, 10000212, 'Image_22148_12', '', 0, 384, 0, 128, 128, '2024-01-23 02:22:12', '2024-01-23 02:22:12'),
	(10000226, 2, 1000004, 10000212, 'Image_22148_13', '', 0, 384, 128, 128, 128, '2024-01-23 02:22:12', '2024-01-23 02:22:12'),
	(10000227, 2, 1000004, 10000212, 'Image_22148_14', '', 0, 384, 256, 128, 128, '2024-01-23 02:22:12', '2024-01-23 02:22:12'),
	(10000228, 2, 1000004, 10000212, 'Image_22148_15', '', 0, 384, 384, 128, 128, '2024-01-23 02:22:12', '2024-01-23 02:22:12'),
	(10000229, 2, 1000004, 10000209, 'Image_26625_0', '', 0, 0, 0, 128, 128, '2024-01-23 02:22:12', '2024-01-23 02:22:12'),
	(10000230, 2, 1000004, 10000209, 'Image_26625_1', '', 0, 0, 128, 128, 128, '2024-01-23 02:22:12', '2024-01-23 02:22:12'),
	(10000231, 2, 1000004, 10000209, 'Image_26625_2', '', 0, 0, 256, 128, 128, '2024-01-23 02:22:12', '2024-01-23 02:22:12'),
	(10000232, 2, 1000004, 10000209, 'Image_26625_3', '', 0, 0, 384, 128, 128, '2024-01-23 02:22:12', '2024-01-23 02:22:12'),
	(10000233, 2, 1000004, 10000209, 'Image_26625_4', '', 0, 128, 0, 128, 128, '2024-01-23 02:22:12', '2024-01-23 02:22:12'),
	(10000234, 2, 1000004, 10000209, 'Image_26625_5', '', 0, 128, 128, 128, 128, '2024-01-23 02:22:12', '2024-01-23 02:22:12'),
	(10000235, 2, 1000004, 10000209, 'Image_26625_6', '', 0, 128, 256, 128, 128, '2024-01-23 02:22:12', '2024-01-23 02:22:12'),
	(10000236, 2, 1000004, 10000209, 'Image_26625_7', '', 0, 128, 384, 128, 128, '2024-01-23 02:22:12', '2024-01-23 02:22:12'),
	(10000237, 2, 1000004, 10000209, 'Image_26625_8', '', 0, 256, 0, 128, 128, '2024-01-23 02:22:12', '2024-01-23 02:22:12'),
	(10000238, 2, 1000004, 10000209, 'Image_26625_9', '', 0, 256, 128, 128, 128, '2024-01-23 02:22:12', '2024-01-23 02:22:12'),
	(10000239, 2, 1000004, 10000209, 'Image_26625_10', '', 0, 256, 256, 128, 128, '2024-01-23 02:22:12', '2024-01-23 02:22:12'),
	(10000240, 2, 1000004, 10000209, 'Image_26625_11', '', 0, 256, 384, 128, 128, '2024-01-23 02:22:12', '2024-01-23 02:22:12'),
	(10000241, 2, 1000004, 10000209, 'Image_26625_12', '', 0, 384, 0, 128, 128, '2024-01-23 02:22:12', '2024-01-23 02:22:12'),
	(10000242, 2, 1000004, 10000209, 'Image_26625_13', '', 0, 384, 128, 128, 128, '2024-01-23 02:22:13', '2024-01-23 02:22:13'),
	(10000243, 2, 1000004, 10000209, 'Image_26625_14', '', 0, 384, 256, 128, 128, '2024-01-23 02:22:13', '2024-01-23 02:22:13'),
	(10000244, 2, 1000004, 10000209, 'Image_26625_15', '', 0, 384, 384, 128, 128, '2024-01-23 02:22:13', '2024-01-23 02:22:13'),
	(10000245, 2, 1000004, 10000208, 'Image_26133_0', '', 0, 0, 0, 128, 128, '2024-01-23 02:22:13', '2024-01-23 02:22:13'),
	(10000246, 2, 1000004, 10000208, 'Image_26133_1', '', 0, 0, 128, 128, 128, '2024-01-23 02:22:13', '2024-01-23 02:22:13'),
	(10000247, 2, 1000004, 10000208, 'Image_26133_2', '', 0, 0, 256, 128, 128, '2024-01-23 02:22:13', '2024-01-23 02:22:13'),
	(10000248, 2, 1000004, 10000208, 'Image_26133_3', '', 0, 0, 384, 128, 128, '2024-01-23 02:22:13', '2024-01-23 02:22:13'),
	(10000249, 2, 1000004, 10000208, 'Image_26133_4', '', 0, 128, 0, 128, 128, '2024-01-23 02:22:13', '2024-01-23 02:22:13'),
	(10000250, 2, 1000004, 10000208, 'Image_26133_5', '', 0, 128, 128, 128, 128, '2024-01-23 02:22:13', '2024-01-23 02:22:13'),
	(10000251, 2, 1000004, 10000208, 'Image_26133_6', '', 0, 128, 256, 128, 128, '2024-01-23 02:22:13', '2024-01-23 02:22:13'),
	(10000252, 2, 1000004, 10000208, 'Image_26133_7', '', 0, 128, 384, 128, 128, '2024-01-23 02:22:13', '2024-01-23 02:22:13'),
	(10000253, 2, 1000004, 10000208, 'Image_26133_8', '', 0, 256, 0, 128, 128, '2024-01-23 02:22:13', '2024-01-23 02:22:13'),
	(10000254, 2, 1000004, 10000208, 'Image_26133_9', '', 0, 256, 128, 128, 128, '2024-01-23 02:22:13', '2024-01-23 02:22:13'),
	(10000255, 2, 1000004, 10000208, 'Image_26133_10', '', 0, 256, 256, 128, 128, '2024-01-23 02:22:13', '2024-01-23 02:22:13'),
	(10000256, 2, 1000004, 10000208, 'Image_26133_11', '', 0, 256, 384, 128, 128, '2024-01-23 02:22:13', '2024-01-23 02:22:13'),
	(10000257, 2, 1000004, 10000208, 'Image_26133_12', '', 0, 384, 0, 128, 128, '2024-01-23 02:22:13', '2024-01-23 02:22:13'),
	(10000258, 2, 1000004, 10000208, 'Image_26133_13', '', 0, 384, 128, 128, 128, '2024-01-23 02:22:13', '2024-01-23 02:22:13'),
	(10000259, 2, 1000004, 10000208, 'Image_26133_14', '', 0, 384, 256, 128, 128, '2024-01-23 02:22:13', '2024-01-23 02:22:13'),
	(10000260, 2, 1000004, 10000208, 'Image_26133_15', '', 0, 384, 384, 128, 128, '2024-01-23 02:22:13', '2024-01-23 02:22:13'),
	(10000261, 2, 1000004, 10000210, 'Image_25602_0', '', 0, 0, 0, 128, 128, '2024-01-23 02:22:14', '2024-01-23 02:22:14'),
	(10000262, 2, 1000004, 10000210, 'Image_25602_1', '', 0, 0, 128, 128, 128, '2024-01-23 02:22:14', '2024-01-23 02:22:14'),
	(10000263, 2, 1000004, 10000210, 'Image_25602_2', '', 0, 0, 256, 128, 128, '2024-01-23 02:22:14', '2024-01-23 02:22:14'),
	(10000264, 2, 1000004, 10000210, 'Image_25602_3', '', 0, 0, 384, 128, 128, '2024-01-23 02:22:14', '2024-01-23 02:22:14'),
	(10000265, 2, 1000004, 10000210, 'Image_25602_4', '', 0, 128, 0, 128, 128, '2024-01-23 02:22:14', '2024-01-23 02:22:14'),
	(10000266, 2, 1000004, 10000210, 'Image_25602_5', '', 0, 128, 128, 128, 128, '2024-01-23 02:22:14', '2024-01-23 02:22:14'),
	(10000267, 2, 1000004, 10000210, 'Image_25602_6', '', 0, 128, 256, 128, 128, '2024-01-23 02:22:14', '2024-01-23 02:22:14'),
	(10000268, 2, 1000004, 10000210, 'Image_25602_7', '', 0, 128, 384, 128, 128, '2024-01-23 02:22:14', '2024-01-23 02:22:14'),
	(10000269, 2, 1000004, 10000210, 'Image_25602_8', '', 0, 256, 0, 128, 128, '2024-01-23 02:22:14', '2024-01-23 02:22:14'),
	(10000270, 2, 1000004, 10000210, 'Image_25602_9', '', 0, 256, 128, 128, 128, '2024-01-23 02:22:14', '2024-01-23 02:22:14'),
	(10000271, 2, 1000004, 10000210, 'Image_25602_10', '', 0, 256, 256, 128, 128, '2024-01-23 02:22:14', '2024-01-23 02:22:14'),
	(10000272, 2, 1000004, 10000210, 'Image_25602_11', '', 0, 256, 384, 128, 128, '2024-01-23 02:22:14', '2024-01-23 02:22:14'),
	(10000273, 2, 1000004, 10000210, 'Image_25602_12', '', 0, 384, 0, 128, 128, '2024-01-23 02:22:14', '2024-01-23 02:22:14'),
	(10000274, 2, 1000004, 10000210, 'Image_25602_13', '', 0, 384, 128, 128, 128, '2024-01-23 02:22:14', '2024-01-23 02:22:14'),
	(10000275, 2, 1000004, 10000210, 'Image_25602_14', '', 0, 384, 256, 128, 128, '2024-01-23 02:22:14', '2024-01-23 02:22:14'),
	(10000276, 2, 1000004, 10000210, 'Image_25602_15', '', 0, 384, 384, 128, 128, '2024-01-23 02:22:14', '2024-01-23 02:22:14'),
	(10000277, 2, 1000004, 10000211, 'Image_22028_0', '', 0, 0, 0, 128, 128, '2024-01-23 02:22:14', '2024-01-23 02:22:14'),
	(10000278, 2, 1000004, 10000211, 'Image_22028_1', '', 0, 0, 128, 128, 128, '2024-01-23 02:22:14', '2024-01-23 02:22:14'),
	(10000279, 2, 1000004, 10000211, 'Image_22028_2', '', 0, 0, 256, 128, 128, '2024-01-23 02:22:14', '2024-01-23 02:22:14'),
	(10000280, 2, 1000004, 10000211, 'Image_22028_3', '', 0, 0, 384, 128, 128, '2024-01-23 02:22:14', '2024-01-23 02:22:14'),
	(10000281, 2, 1000004, 10000211, 'Image_22028_4', '', 0, 128, 0, 128, 128, '2024-01-23 02:22:14', '2024-01-23 02:22:14'),
	(10000282, 2, 1000004, 10000211, 'Image_22028_5', '', 0, 128, 128, 128, 128, '2024-01-23 02:22:14', '2024-01-23 02:22:14'),
	(10000283, 2, 1000004, 10000211, 'Image_22028_6', '', 0, 128, 256, 128, 128, '2024-01-23 02:22:14', '2024-01-23 02:22:14'),
	(10000284, 2, 1000004, 10000211, 'Image_22028_7', '', 0, 128, 384, 128, 128, '2024-01-23 02:22:14', '2024-01-23 02:22:14'),
	(10000285, 2, 1000004, 10000211, 'Image_22028_8', '', 0, 256, 0, 128, 128, '2024-01-23 02:22:14', '2024-01-23 02:22:14'),
	(10000286, 2, 1000004, 10000211, 'Image_22028_9', '', 0, 256, 128, 128, 128, '2024-01-23 02:22:14', '2024-01-23 02:22:14'),
	(10000287, 2, 1000004, 10000211, 'Image_22028_10', '', 0, 256, 256, 128, 128, '2024-01-23 02:22:14', '2024-01-23 02:22:14'),
	(10000288, 2, 1000004, 10000211, 'Image_22028_11', '', 0, 256, 384, 128, 128, '2024-01-23 02:22:14', '2024-01-23 02:22:14'),
	(10000289, 2, 1000004, 10000211, 'Image_22028_12', '', 0, 384, 0, 128, 128, '2024-01-23 02:22:14', '2024-01-23 02:22:14'),
	(10000290, 2, 1000004, 10000211, 'Image_22028_13', '', 0, 384, 128, 128, 128, '2024-01-23 02:22:14', '2024-01-23 02:22:14'),
	(10000291, 2, 1000004, 10000211, 'Image_22028_14', '', 0, 384, 256, 128, 128, '2024-01-23 02:22:14', '2024-01-23 02:22:14'),
	(10000292, 2, 1000004, 10000211, 'Image_22028_15', '', 0, 384, 384, 128, 128, '2024-01-23 02:22:15', '2024-01-23 02:22:15'),
	(10000293, 2, 1000004, 10000207, 'Image_21993_0', '', 0, 0, 0, 128, 128, '2024-01-23 02:22:15', '2024-01-23 02:22:15'),
	(10000294, 2, 1000004, 10000207, 'Image_21993_1', '', 0, 0, 128, 128, 128, '2024-01-23 02:22:15', '2024-01-23 02:22:15'),
	(10000295, 2, 1000004, 10000207, 'Image_21993_2', '', 0, 0, 256, 128, 128, '2024-01-23 02:22:15', '2024-01-23 02:22:15'),
	(10000296, 2, 1000004, 10000207, 'Image_21993_3', '', 0, 0, 384, 128, 128, '2024-01-23 02:22:15', '2024-01-23 02:22:15'),
	(10000297, 2, 1000004, 10000207, 'Image_21993_4', '', 0, 128, 0, 128, 128, '2024-01-23 02:22:15', '2024-01-23 02:22:15'),
	(10000298, 2, 1000004, 10000207, 'Image_21993_5', '', 0, 128, 128, 128, 128, '2024-01-23 02:22:15', '2024-01-23 02:22:15'),
	(10000299, 2, 1000004, 10000207, 'Image_21993_6', '', 0, 128, 256, 128, 128, '2024-01-23 02:22:15', '2024-01-23 02:22:15'),
	(10000300, 2, 1000004, 10000207, 'Image_21993_7', '', 0, 128, 384, 128, 128, '2024-01-23 02:22:15', '2024-01-23 02:22:15'),
	(10000301, 2, 1000004, 10000207, 'Image_21993_8', '', 0, 256, 0, 128, 128, '2024-01-23 02:22:15', '2024-01-23 02:22:15'),
	(10000302, 2, 1000004, 10000207, 'Image_21993_9', '', 0, 256, 128, 128, 128, '2024-01-23 02:22:15', '2024-01-23 02:22:15'),
	(10000303, 2, 1000004, 10000207, 'Image_21993_10', '', 0, 256, 256, 128, 128, '2024-01-23 02:22:15', '2024-01-23 02:22:15'),
	(10000304, 2, 1000004, 10000207, 'Image_21993_11', '', 0, 256, 384, 128, 128, '2024-01-23 02:22:15', '2024-01-23 02:22:15'),
	(10000305, 2, 1000004, 10000207, 'Image_21993_12', '', 0, 384, 0, 128, 128, '2024-01-23 02:22:15', '2024-01-23 02:22:15'),
	(10000306, 2, 1000004, 10000207, 'Image_21993_13', '', 0, 384, 128, 128, 128, '2024-01-23 02:22:15', '2024-01-23 02:22:15'),
	(10000307, 2, 1000004, 10000207, 'Image_21993_14', '', 0, 384, 256, 128, 128, '2024-01-23 02:22:15', '2024-01-23 02:22:15'),
	(10000308, 2, 1000004, 10000207, 'Image_21993_15', '', 0, 384, 384, 128, 128, '2024-01-23 02:22:15', '2024-01-23 02:22:15');

-- Dumping structure for table label_img_db.image_labels
CREATE TABLE IF NOT EXISTS `image_labels` (
  `id` bigint unsigned NOT NULL AUTO_INCREMENT,
  `image_id` bigint unsigned NOT NULL,
  `label_id` bigint unsigned NOT NULL,
  `user_id` bigint DEFAULT NULL,
  `accuracy` double DEFAULT NULL,
  `created_at` timestamp NULL DEFAULT NULL,
  `updated_at` timestamp NULL DEFAULT NULL,
  PRIMARY KEY (`id`),
  KEY `image_labels_image_id_foreign` (`image_id`),
  KEY `image_labels_label_id_foreign` (`label_id`),
  CONSTRAINT `image_labels_image_id_foreign` FOREIGN KEY (`image_id`) REFERENCES `images` (`id`) ON DELETE CASCADE,
  CONSTRAINT `image_labels_label_id_foreign` FOREIGN KEY (`label_id`) REFERENCES `labels` (`id`) ON DELETE CASCADE
) ENGINE=InnoDB AUTO_INCREMENT=62 DEFAULT CHARSET=utf8mb4 COLLATE=utf8mb4_unicode_ci;

-- Dumping data for table label_img_db.image_labels: ~1 rows (approximately)
DELETE FROM `image_labels`;
INSERT INTO `image_labels` (`id`, `image_id`, `label_id`, `user_id`, `accuracy`, `created_at`, `updated_at`) VALUES
	(60, 10000129, 42, -1, 99.371296167374, '2024-02-15 10:11:19', '2024-02-15 10:11:19'),
	(61, 10000130, 42, -1, 99.371296167374, '2024-02-15 10:11:28', '2024-02-15 10:11:28');

-- Dumping structure for table label_img_db.labels
CREATE TABLE IF NOT EXISTS `labels` (
  `id` bigint unsigned NOT NULL AUTO_INCREMENT,
  `name` text COLLATE utf8mb4_unicode_ci NOT NULL,
  `category_id` int NOT NULL,
  `class_id` tinyint DEFAULT '0',
  `status` int DEFAULT NULL,
  `created_at` timestamp NULL DEFAULT NULL,
  `updated_at` timestamp NULL DEFAULT NULL,
  PRIMARY KEY (`id`)
) ENGINE=InnoDB AUTO_INCREMENT=47 DEFAULT CHARSET=utf8mb4 COLLATE=utf8mb4_unicode_ci;

-- Dumping data for table label_img_db.labels: ~19 rows (approximately)
DELETE FROM `labels`;
INSERT INTO `labels` (`id`, `name`, `category_id`, `class_id`, `status`, `created_at`, `updated_at`) VALUES
	(1, 'Antre', 4, NULL, 1, '2024-02-04 00:53:43', '2024-02-06 18:58:05'),
	(2, 'Fundus', 4, NULL, 1, '2024-02-04 00:53:51', '2024-02-06 18:58:30'),
	(3, 'Cardia', 4, NULL, 1, '2024-02-04 00:54:00', '2024-02-06 18:58:44'),
	(4, 'Brightness', 2, 0, 1, '2024-02-04 00:54:42', '2024-02-06 19:09:57'),
	(5, 'Dark', 2, 1, 1, '2024-02-04 00:55:04', '2024-02-04 00:55:04'),
	(6, 'Motion blur', 2, 2, 1, '2024-02-04 00:55:14', '2024-02-06 18:38:07'),
	(7, 'High quality', 2, 3, 1, '2024-02-04 00:55:26', '2024-02-06 18:38:22'),
	(8, 'Bad', 1, 0, 0, '2024-02-04 00:55:58', '2024-02-14 06:18:57'),
	(9, 'Poor', 1, 1, 0, '2024-02-04 00:56:09', '2024-02-14 07:02:26'),
	(10, 'Fair', 1, 2, 0, '2024-02-04 00:56:23', '2024-02-14 07:02:28'),
	(11, 'Gastrite Atrophique', 3, 0, 1, '2024-02-04 00:56:44', '2024-02-06 19:05:14'),
	(12, 'Chronic gastritis', 3, 1, 1, '2024-02-04 00:57:01', '2024-02-04 00:57:01'),
	(13, 'Metaplasie intestinale', 3, 2, 1, '2024-02-04 00:57:16', '2024-02-06 19:03:25'),
	(14, 'Normale', 3, 3, 1, '2024-02-04 00:57:24', '2024-02-06 19:11:21'),
	(15, 'Uncertain', 3, 4, 1, '2024-02-04 00:57:36', '2024-02-06 19:08:25'),
	(41, 'Good', 1, 3, 0, '2024-02-04 01:26:07', '2024-02-14 07:21:38'),
	(42, 'Excellent', 1, 4, 1, '2024-02-04 01:26:14', '2024-02-14 06:18:55'),
	(43, 'Esophagus', 4, NULL, 1, '2024-02-06 19:00:33', '2024-02-06 19:00:33'),
	(44, 'Metaplasie antropylorique', 3, NULL, 1, '2024-02-06 19:04:21', '2024-02-06 19:04:21');

-- Dumping structure for table label_img_db.label_answers
CREATE TABLE IF NOT EXISTS `label_answers` (
  `id` bigint unsigned NOT NULL AUTO_INCREMENT,
  `image_id` bigint NOT NULL,
  `label_id` bigint NOT NULL,
  `user_id` bigint NOT NULL DEFAULT '-1',
  `accuracy` text COLLATE utf8mb4_unicode_ci NOT NULL,
  `created_at` timestamp NULL DEFAULT NULL,
  `updated_at` timestamp NULL DEFAULT NULL,
  PRIMARY KEY (`id`)
) ENGINE=InnoDB AUTO_INCREMENT=493 DEFAULT CHARSET=utf8mb4 COLLATE=utf8mb4_unicode_ci;

-- Dumping data for table label_img_db.label_answers: ~315 rows (approximately)
DELETE FROM `label_answers`;
INSERT INTO `label_answers` (`id`, `image_id`, `label_id`, `user_id`, `accuracy`, `created_at`, `updated_at`) VALUES
	(162, 10000122, 7, -1, '99.981025854746', '2024-01-22 09:29:31', '2024-01-22 09:29:31'),
	(163, 10000124, 6, -1, '99.995589256287', '2024-01-22 09:29:32', '2024-01-22 09:29:32'),
	(164, 10000123, 7, -1, '99.810965061188', '2024-01-22 09:29:32', '2024-01-22 09:29:32'),
	(165, 10000125, 19, -1, '100', '2024-01-22 09:29:36', '2024-01-22 09:29:36'),
	(166, 10000126, 19, -1, '100', '2024-01-22 09:29:36', '2024-01-22 09:29:36'),
	(167, 10000127, 19, -1, '100', '2024-01-22 09:29:36', '2024-01-22 09:29:36'),
	(168, 10000128, 19, -1, '100', '2024-01-22 09:29:36', '2024-01-22 09:29:36'),
	(169, 10000129, 19, -1, '100', '2024-01-22 09:29:36', '2024-01-22 09:29:36'),
	(170, 10000130, 19, -1, '100', '2024-01-22 09:29:36', '2024-01-22 09:29:36'),
	(171, 10000131, 19, -1, '100', '2024-01-22 09:29:36', '2024-01-22 09:29:36'),
	(172, 10000132, 19, -1, '100', '2024-01-22 09:29:36', '2024-01-22 09:29:36'),
	(173, 10000133, 19, -1, '100', '2024-01-22 09:29:36', '2024-01-22 09:29:36'),
	(174, 10000134, 19, -1, '100', '2024-01-22 09:29:36', '2024-01-22 09:29:36'),
	(175, 10000135, 19, -1, '100', '2024-01-22 09:29:36', '2024-01-22 09:29:36'),
	(176, 10000136, 19, -1, '100', '2024-01-22 09:29:36', '2024-01-22 09:29:36'),
	(177, 10000137, 19, -1, '100', '2024-01-22 09:29:36', '2024-01-22 09:29:36'),
	(178, 10000138, 19, -1, '100', '2024-01-22 09:29:36', '2024-01-22 09:29:36'),
	(179, 10000139, 19, -1, '100', '2024-01-22 09:29:36', '2024-01-22 09:29:36'),
	(180, 10000140, 19, -1, '100', '2024-01-22 09:29:36', '2024-01-22 09:29:36'),
	(181, 10000141, 19, -1, '100', '2024-01-22 09:29:37', '2024-01-22 09:29:37'),
	(182, 10000142, 19, -1, '100', '2024-01-22 09:29:37', '2024-01-22 09:29:37'),
	(183, 10000143, 19, -1, '100', '2024-01-22 09:29:37', '2024-01-22 09:29:37'),
	(184, 10000144, 19, -1, '100', '2024-01-22 09:29:37', '2024-01-22 09:29:37'),
	(185, 10000145, 19, -1, '100', '2024-01-22 09:29:37', '2024-01-22 09:29:37'),
	(186, 10000146, 19, -1, '100', '2024-01-22 09:29:37', '2024-01-22 09:29:37'),
	(187, 10000147, 19, -1, '100', '2024-01-22 09:29:37', '2024-01-22 09:29:37'),
	(188, 10000148, 19, -1, '100', '2024-01-22 09:29:37', '2024-01-22 09:29:37'),
	(189, 10000149, 19, -1, '100', '2024-01-22 09:29:37', '2024-01-22 09:29:37'),
	(190, 10000150, 19, -1, '100', '2024-01-22 09:29:37', '2024-01-22 09:29:37'),
	(191, 10000151, 19, -1, '100', '2024-01-22 09:29:37', '2024-01-22 09:29:37'),
	(192, 10000152, 19, -1, '100', '2024-01-22 09:29:37', '2024-01-22 09:29:37'),
	(193, 10000153, 19, -1, '100', '2024-01-22 09:29:37', '2024-01-22 09:29:37'),
	(194, 10000154, 19, -1, '100', '2024-01-22 09:29:37', '2024-01-22 09:29:37'),
	(195, 10000155, 19, -1, '100', '2024-01-22 09:29:37', '2024-01-22 09:29:37'),
	(196, 10000156, 19, -1, '100', '2024-01-22 09:29:37', '2024-01-22 09:29:37'),
	(197, 10000157, 19, -1, '100', '2024-01-22 09:29:37', '2024-01-22 09:29:37'),
	(198, 10000158, 19, -1, '100', '2024-01-22 09:29:37', '2024-01-22 09:29:37'),
	(199, 10000159, 19, -1, '100', '2024-01-22 09:29:37', '2024-01-22 09:29:37'),
	(200, 10000160, 19, -1, '100', '2024-01-22 09:29:37', '2024-01-22 09:29:37'),
	(201, 10000161, 19, -1, '100', '2024-01-22 09:29:37', '2024-01-22 09:29:37'),
	(202, 10000162, 19, -1, '100', '2024-01-22 09:29:37', '2024-01-22 09:29:37'),
	(203, 10000163, 19, -1, '100', '2024-01-22 09:29:37', '2024-01-22 09:29:37'),
	(204, 10000164, 19, -1, '100', '2024-01-22 09:29:37', '2024-01-22 09:29:37'),
	(205, 10000165, 19, -1, '100', '2024-01-22 09:29:37', '2024-01-22 09:29:37'),
	(206, 10000166, 19, -1, '100', '2024-01-22 09:29:37', '2024-01-22 09:29:37'),
	(207, 10000167, 19, -1, '100', '2024-01-22 09:29:37', '2024-01-22 09:29:37'),
	(208, 10000168, 19, -1, '100', '2024-01-22 09:29:37', '2024-01-22 09:29:37'),
	(209, 10000169, 19, -1, '100', '2024-01-22 09:29:37', '2024-01-22 09:29:37'),
	(210, 10000170, 19, -1, '100', '2024-01-22 09:29:37', '2024-01-22 09:29:37'),
	(211, 10000171, 19, -1, '100', '2024-01-22 09:29:37', '2024-01-22 09:29:37'),
	(212, 10000172, 19, -1, '100', '2024-01-22 09:29:38', '2024-01-22 09:29:38'),
	(213, 10000141, 19, 2, '100', '2024-01-22 09:30:35', '2024-01-22 09:30:35'),
	(214, 10000142, 19, 2, '100', '2024-01-22 09:30:35', '2024-01-22 09:30:35'),
	(215, 10000143, 19, 2, '100', '2024-01-22 09:30:35', '2024-01-22 09:30:35'),
	(216, 10000144, 19, 2, '100', '2024-01-22 09:30:35', '2024-01-22 09:30:35'),
	(217, 10000145, 19, 2, '100', '2024-01-22 09:30:35', '2024-01-22 09:30:35'),
	(218, 10000146, 19, 2, '100', '2024-01-22 09:30:35', '2024-01-22 09:30:35'),
	(219, 10000147, 19, 2, '100', '2024-01-22 09:30:35', '2024-01-22 09:30:35'),
	(220, 10000148, 19, 2, '100', '2024-01-22 09:30:35', '2024-01-22 09:30:35'),
	(221, 10000149, 19, 2, '100', '2024-01-22 09:30:35', '2024-01-22 09:30:35'),
	(222, 10000150, 19, 2, '100', '2024-01-22 09:30:35', '2024-01-22 09:30:35'),
	(223, 10000151, 19, 2, '100', '2024-01-22 09:30:35', '2024-01-22 09:30:35'),
	(224, 10000152, 19, 2, '100', '2024-01-22 09:30:35', '2024-01-22 09:30:35'),
	(225, 10000153, 19, 2, '100', '2024-01-22 09:30:35', '2024-01-22 09:30:35'),
	(226, 10000154, 19, 2, '100', '2024-01-22 09:30:35', '2024-01-22 09:30:35'),
	(227, 10000155, 19, 2, '100', '2024-01-22 09:30:35', '2024-01-22 09:30:35'),
	(228, 10000156, 19, 2, '100', '2024-01-22 09:30:35', '2024-01-22 09:30:35'),
	(229, 10000175, 19, -1, '100', '2024-01-23 02:16:23', '2024-01-23 02:16:23'),
	(230, 10000176, 19, -1, '100', '2024-01-23 02:16:23', '2024-01-23 02:16:23'),
	(231, 10000177, 19, -1, '100', '2024-01-23 02:16:23', '2024-01-23 02:16:23'),
	(232, 10000178, 19, -1, '100', '2024-01-23 02:16:23', '2024-01-23 02:16:23'),
	(233, 10000179, 19, -1, '100', '2024-01-23 02:16:23', '2024-01-23 02:16:23'),
	(234, 10000180, 19, -1, '100', '2024-01-23 02:16:23', '2024-01-23 02:16:23'),
	(235, 10000181, 19, -1, '100', '2024-01-23 02:16:23', '2024-01-23 02:16:23'),
	(236, 10000182, 19, -1, '100', '2024-01-23 02:16:23', '2024-01-23 02:16:23'),
	(237, 10000183, 19, -1, '100', '2024-01-23 02:16:23', '2024-01-23 02:16:23'),
	(238, 10000184, 19, -1, '100', '2024-01-23 02:16:23', '2024-01-23 02:16:23'),
	(239, 10000185, 19, -1, '100', '2024-01-23 02:16:23', '2024-01-23 02:16:23'),
	(240, 10000186, 19, -1, '100', '2024-01-23 02:16:23', '2024-01-23 02:16:23'),
	(241, 10000187, 19, -1, '100', '2024-01-23 02:16:23', '2024-01-23 02:16:23'),
	(242, 10000188, 19, -1, '100', '2024-01-23 02:16:23', '2024-01-23 02:16:23'),
	(243, 10000189, 19, -1, '100', '2024-01-23 02:16:23', '2024-01-23 02:16:23'),
	(244, 10000190, 19, -1, '100', '2024-01-23 02:16:23', '2024-01-23 02:16:23'),
	(245, 10000191, 19, -1, '100', '2024-01-23 02:16:24', '2024-01-23 02:16:24'),
	(246, 10000192, 19, -1, '100', '2024-01-23 02:16:24', '2024-01-23 02:16:24'),
	(247, 10000193, 17, -1, '93.721139431', '2024-01-23 02:16:24', '2024-01-23 02:16:24'),
	(248, 10000194, 17, -1, '76.897644996643', '2024-01-23 02:16:24', '2024-01-23 02:16:24'),
	(249, 10000195, 19, -1, '100', '2024-01-23 02:16:24', '2024-01-23 02:16:24'),
	(250, 10000196, 17, -1, '98.422110080719', '2024-01-23 02:16:24', '2024-01-23 02:16:24'),
	(251, 10000197, 17, -1, '59.337294101715', '2024-01-23 02:16:24', '2024-01-23 02:16:24'),
	(252, 10000198, 17, -1, '82.390189170837', '2024-01-23 02:16:24', '2024-01-23 02:16:24'),
	(253, 10000199, 19, -1, '100', '2024-01-23 02:16:24', '2024-01-23 02:16:24'),
	(254, 10000200, 19, -1, '100', '2024-01-23 02:16:24', '2024-01-23 02:16:24'),
	(255, 10000201, 15, -1, '62.695509195328', '2024-01-23 02:16:24', '2024-01-23 02:16:24'),
	(256, 10000202, 17, -1, '75.681734085083', '2024-01-23 02:16:24', '2024-01-23 02:16:24'),
	(257, 10000203, 19, -1, '100', '2024-01-23 02:16:24', '2024-01-23 02:16:24'),
	(258, 10000204, 19, -1, '100', '2024-01-23 02:16:24', '2024-01-23 02:16:24'),
	(259, 10000205, 17, -1, '95.004773139954', '2024-01-23 02:16:24', '2024-01-23 02:16:24'),
	(260, 10000206, 17, -1, '71.821385622025', '2024-01-23 02:16:24', '2024-01-23 02:16:24'),
	(261, 10000173, 6, -1, '99.998040994008', '2024-01-23 02:16:30', '2024-01-23 02:16:30'),
	(262, 10000174, 8, -1, '99.195095565584', '2024-01-23 02:16:31', '2024-01-23 02:16:31'),
	(263, 10000191, 15, 2, '100', '2024-01-23 02:16:59', '2024-01-23 02:16:59'),
	(264, 10000192, 19, 2, '100', '2024-01-23 02:16:59', '2024-01-23 02:16:59'),
	(265, 10000193, 17, 2, '100', '2024-01-23 02:16:59', '2024-01-23 02:16:59'),
	(266, 10000194, 17, 2, '100', '2024-01-23 02:16:59', '2024-01-23 02:16:59'),
	(267, 10000195, 19, 2, '100', '2024-01-23 02:16:59', '2024-01-23 02:16:59'),
	(268, 10000196, 17, 2, '100', '2024-01-23 02:16:59', '2024-01-23 02:16:59'),
	(269, 10000197, 17, 2, '100', '2024-01-23 02:16:59', '2024-01-23 02:16:59'),
	(270, 10000198, 17, 2, '100', '2024-01-23 02:16:59', '2024-01-23 02:16:59'),
	(271, 10000199, 19, 2, '100', '2024-01-23 02:16:59', '2024-01-23 02:16:59'),
	(272, 10000200, 19, 2, '100', '2024-01-23 02:16:59', '2024-01-23 02:16:59'),
	(273, 10000201, 15, 2, '100', '2024-01-23 02:16:59', '2024-01-23 02:16:59'),
	(274, 10000202, 17, 2, '100', '2024-01-23 02:16:59', '2024-01-23 02:16:59'),
	(275, 10000203, 19, 2, '100', '2024-01-23 02:16:59', '2024-01-23 02:16:59'),
	(276, 10000204, 19, 2, '100', '2024-01-23 02:16:59', '2024-01-23 02:16:59'),
	(277, 10000205, 17, 2, '100', '2024-01-23 02:16:59', '2024-01-23 02:16:59'),
	(278, 10000206, 17, 2, '100', '2024-01-23 02:16:59', '2024-01-23 02:16:59'),
	(279, 10000207, 6, -1, '99.995589256287', '2024-01-23 02:22:03', '2024-01-23 02:22:03'),
	(280, 10000210, 7, -1, '99.996614456177', '2024-01-23 02:22:03', '2024-01-23 02:22:03'),
	(281, 10000212, 6, -1, '99.998692671458', '2024-01-23 02:22:04', '2024-01-23 02:22:04'),
	(282, 10000211, 6, -1, '99.998040994008', '2024-01-23 02:22:04', '2024-01-23 02:22:04'),
	(283, 10000208, 7, -1, '99.371302127838', '2024-01-23 02:22:05', '2024-01-23 02:22:05'),
	(284, 10000209, 7, -1, '99.927181005478', '2024-01-23 02:22:05', '2024-01-23 02:22:05'),
	(285, 10000213, 19, -1, '100', '2024-01-23 02:22:12', '2024-01-23 02:22:12'),
	(286, 10000214, 19, -1, '100', '2024-01-23 02:22:12', '2024-01-23 02:22:12'),
	(287, 10000215, 19, -1, '100', '2024-01-23 02:22:12', '2024-01-23 02:22:12'),
	(288, 10000216, 19, -1, '100', '2024-01-23 02:22:12', '2024-01-23 02:22:12'),
	(289, 10000217, 19, -1, '100', '2024-01-23 02:22:12', '2024-01-23 02:22:12'),
	(290, 10000218, 19, -1, '100', '2024-01-23 02:22:12', '2024-01-23 02:22:12'),
	(291, 10000219, 19, -1, '100', '2024-01-23 02:22:12', '2024-01-23 02:22:12'),
	(292, 10000220, 19, -1, '100', '2024-01-23 02:22:12', '2024-01-23 02:22:12'),
	(293, 10000221, 19, -1, '100', '2024-01-23 02:22:12', '2024-01-23 02:22:12'),
	(294, 10000222, 19, -1, '100', '2024-01-23 02:22:12', '2024-01-23 02:22:12'),
	(295, 10000223, 19, -1, '100', '2024-01-23 02:22:12', '2024-01-23 02:22:12'),
	(296, 10000224, 19, -1, '100', '2024-01-23 02:22:12', '2024-01-23 02:22:12'),
	(297, 10000225, 19, -1, '100', '2024-01-23 02:22:12', '2024-01-23 02:22:12'),
	(298, 10000226, 19, -1, '100', '2024-01-23 02:22:12', '2024-01-23 02:22:12'),
	(299, 10000227, 19, -1, '100', '2024-01-23 02:22:12', '2024-01-23 02:22:12'),
	(300, 10000228, 19, -1, '100', '2024-01-23 02:22:12', '2024-01-23 02:22:12'),
	(301, 10000229, 15, -1, '89.007925987244', '2024-01-23 02:22:12', '2024-01-23 02:22:12'),
	(302, 10000230, 17, -1, '85.701650381088', '2024-01-23 02:22:12', '2024-01-23 02:22:12'),
	(303, 10000231, 17, -1, '99.66254234314', '2024-01-23 02:22:12', '2024-01-23 02:22:12'),
	(304, 10000232, 17, -1, '99.458402395248', '2024-01-23 02:22:12', '2024-01-23 02:22:12'),
	(305, 10000233, 19, -1, '100', '2024-01-23 02:22:12', '2024-01-23 02:22:12'),
	(306, 10000234, 17, -1, '99.79105591774', '2024-01-23 02:22:12', '2024-01-23 02:22:12'),
	(307, 10000235, 17, -1, '69.774299860001', '2024-01-23 02:22:12', '2024-01-23 02:22:12'),
	(308, 10000236, 15, -1, '92.778313159943', '2024-01-23 02:22:12', '2024-01-23 02:22:12'),
	(309, 10000237, 19, -1, '100', '2024-01-23 02:22:12', '2024-01-23 02:22:12'),
	(310, 10000238, 19, -1, '100', '2024-01-23 02:22:12', '2024-01-23 02:22:12'),
	(311, 10000239, 17, -1, '99.53887462616', '2024-01-23 02:22:12', '2024-01-23 02:22:12'),
	(312, 10000240, 17, -1, '41.935378313065', '2024-01-23 02:22:12', '2024-01-23 02:22:12'),
	(313, 10000241, 19, -1, '100', '2024-01-23 02:22:12', '2024-01-23 02:22:12'),
	(314, 10000242, 19, -1, '100', '2024-01-23 02:22:13', '2024-01-23 02:22:13'),
	(315, 10000243, 15, -1, '99.512547254562', '2024-01-23 02:22:13', '2024-01-23 02:22:13'),
	(316, 10000244, 17, -1, '97.040301561356', '2024-01-23 02:22:13', '2024-01-23 02:22:13'),
	(317, 10000245, 15, -1, '70.257478952408', '2024-01-23 02:22:13', '2024-01-23 02:22:13'),
	(318, 10000246, 17, -1, '86.938381195068', '2024-01-23 02:22:13', '2024-01-23 02:22:13'),
	(319, 10000247, 16, -1, '80.320078134537', '2024-01-23 02:22:13', '2024-01-23 02:22:13'),
	(320, 10000248, 17, -1, '76.551628112793', '2024-01-23 02:22:13', '2024-01-23 02:22:13'),
	(321, 10000249, 19, -1, '100', '2024-01-23 02:22:13', '2024-01-23 02:22:13'),
	(322, 10000250, 17, -1, '99.933052062988', '2024-01-23 02:22:13', '2024-01-23 02:22:13'),
	(323, 10000251, 17, -1, '97.462636232376', '2024-01-23 02:22:13', '2024-01-23 02:22:13'),
	(324, 10000252, 17, -1, '79.409319162369', '2024-01-23 02:22:13', '2024-01-23 02:22:13'),
	(325, 10000253, 19, -1, '100', '2024-01-23 02:22:13', '2024-01-23 02:22:13'),
	(326, 10000254, 17, -1, '82.623267173767', '2024-01-23 02:22:13', '2024-01-23 02:22:13'),
	(327, 10000255, 15, -1, '94.503301382065', '2024-01-23 02:22:13', '2024-01-23 02:22:13'),
	(328, 10000256, 17, -1, '97.485500574112', '2024-01-23 02:22:13', '2024-01-23 02:22:13'),
	(329, 10000257, 19, -1, '100', '2024-01-23 02:22:13', '2024-01-23 02:22:13'),
	(330, 10000258, 19, -1, '100', '2024-01-23 02:22:13', '2024-01-23 02:22:13'),
	(331, 10000259, 15, -1, '85.80829501152', '2024-01-23 02:22:13', '2024-01-23 02:22:13'),
	(332, 10000260, 16, -1, '67.734307050705', '2024-01-23 02:22:13', '2024-01-23 02:22:13'),
	(333, 10000261, 18, -1, '46.556144952774', '2024-01-23 02:22:14', '2024-01-23 02:22:14'),
	(334, 10000262, 16, -1, '97.526574134827', '2024-01-23 02:22:14', '2024-01-23 02:22:14'),
	(335, 10000263, 19, -1, '100', '2024-01-23 02:22:14', '2024-01-23 02:22:14'),
	(336, 10000264, 19, -1, '100', '2024-01-23 02:22:14', '2024-01-23 02:22:14'),
	(337, 10000265, 17, -1, '99.795937538147', '2024-01-23 02:22:14', '2024-01-23 02:22:14'),
	(338, 10000266, 16, -1, '55.519926548004', '2024-01-23 02:22:14', '2024-01-23 02:22:14'),
	(339, 10000267, 17, -1, '99.843281507492', '2024-01-23 02:22:14', '2024-01-23 02:22:14'),
	(340, 10000268, 17, -1, '99.490571022034', '2024-01-23 02:22:14', '2024-01-23 02:22:14'),
	(341, 10000269, 17, -1, '99.889993667603', '2024-01-23 02:22:14', '2024-01-23 02:22:14'),
	(342, 10000270, 17, -1, '85.789638757706', '2024-01-23 02:22:14', '2024-01-23 02:22:14'),
	(343, 10000271, 17, -1, '93.104463815689', '2024-01-23 02:22:14', '2024-01-23 02:22:14'),
	(344, 10000272, 16, -1, '66.138976812363', '2024-01-23 02:22:14', '2024-01-23 02:22:14'),
	(345, 10000273, 19, -1, '100', '2024-01-23 02:22:14', '2024-01-23 02:22:14'),
	(346, 10000274, 19, -1, '100', '2024-01-23 02:22:14', '2024-01-23 02:22:14'),
	(347, 10000275, 17, -1, '99.642473459244', '2024-01-23 02:22:14', '2024-01-23 02:22:14'),
	(348, 10000276, 16, -1, '83.188509941101', '2024-01-23 02:22:14', '2024-01-23 02:22:14'),
	(349, 10000277, 19, -1, '100', '2024-01-23 02:22:14', '2024-01-23 02:22:14'),
	(350, 10000278, 19, -1, '100', '2024-01-23 02:22:14', '2024-01-23 02:22:14'),
	(351, 10000279, 19, -1, '100', '2024-01-23 02:22:14', '2024-01-23 02:22:14'),
	(352, 10000280, 19, -1, '100', '2024-01-23 02:22:14', '2024-01-23 02:22:14'),
	(353, 10000281, 19, -1, '100', '2024-01-23 02:22:14', '2024-01-23 02:22:14'),
	(354, 10000282, 19, -1, '100', '2024-01-23 02:22:14', '2024-01-23 02:22:14'),
	(355, 10000283, 19, -1, '100', '2024-01-23 02:22:14', '2024-01-23 02:22:14'),
	(356, 10000284, 19, -1, '100', '2024-01-23 02:22:14', '2024-01-23 02:22:14'),
	(357, 10000285, 19, -1, '100', '2024-01-23 02:22:14', '2024-01-23 02:22:14'),
	(358, 10000286, 19, -1, '100', '2024-01-23 02:22:14', '2024-01-23 02:22:14'),
	(359, 10000287, 19, -1, '100', '2024-01-23 02:22:14', '2024-01-23 02:22:14'),
	(360, 10000288, 19, -1, '100', '2024-01-23 02:22:14', '2024-01-23 02:22:14'),
	(361, 10000289, 19, -1, '100', '2024-01-23 02:22:14', '2024-01-23 02:22:14'),
	(362, 10000290, 19, -1, '100', '2024-01-23 02:22:14', '2024-01-23 02:22:14'),
	(363, 10000291, 19, -1, '100', '2024-01-23 02:22:14', '2024-01-23 02:22:14'),
	(364, 10000292, 19, -1, '100', '2024-01-23 02:22:15', '2024-01-23 02:22:15'),
	(365, 10000293, 19, -1, '100', '2024-01-23 02:22:15', '2024-01-23 02:22:15'),
	(366, 10000294, 19, -1, '100', '2024-01-23 02:22:15', '2024-01-23 02:22:15'),
	(367, 10000295, 19, -1, '100', '2024-01-23 02:22:15', '2024-01-23 02:22:15'),
	(368, 10000296, 19, -1, '100', '2024-01-23 02:22:15', '2024-01-23 02:22:15'),
	(369, 10000297, 19, -1, '100', '2024-01-23 02:22:15', '2024-01-23 02:22:15'),
	(370, 10000298, 19, -1, '100', '2024-01-23 02:22:15', '2024-01-23 02:22:15'),
	(371, 10000299, 19, -1, '100', '2024-01-23 02:22:15', '2024-01-23 02:22:15'),
	(372, 10000300, 19, -1, '100', '2024-01-23 02:22:15', '2024-01-23 02:22:15'),
	(373, 10000301, 19, -1, '100', '2024-01-23 02:22:15', '2024-01-23 02:22:15'),
	(374, 10000302, 19, -1, '100', '2024-01-23 02:22:15', '2024-01-23 02:22:15'),
	(375, 10000303, 19, -1, '100', '2024-01-23 02:22:15', '2024-01-23 02:22:15'),
	(376, 10000304, 19, -1, '100', '2024-01-23 02:22:15', '2024-01-23 02:22:15'),
	(377, 10000305, 19, -1, '100', '2024-01-23 02:22:15', '2024-01-23 02:22:15'),
	(378, 10000306, 19, -1, '100', '2024-01-23 02:22:15', '2024-01-23 02:22:15'),
	(379, 10000307, 19, -1, '100', '2024-01-23 02:22:15', '2024-01-23 02:22:15'),
	(380, 10000308, 19, -1, '100', '2024-01-23 02:22:15', '2024-01-23 02:22:15'),
	(381, 10000293, 19, 2, '100', '2024-01-23 02:26:06', '2024-01-23 02:26:06'),
	(382, 10000294, 19, 2, '100', '2024-01-23 02:26:06', '2024-01-23 02:26:06'),
	(383, 10000295, 19, 2, '100', '2024-01-23 02:26:06', '2024-01-23 02:26:06'),
	(384, 10000296, 19, 2, '100', '2024-01-23 02:26:06', '2024-01-23 02:26:06'),
	(385, 10000297, 19, 2, '100', '2024-01-23 02:26:06', '2024-01-23 02:26:06'),
	(386, 10000298, 17, 2, '100', '2024-01-23 02:26:06', '2024-01-23 02:26:06'),
	(387, 10000299, 19, 2, '100', '2024-01-23 02:26:06', '2024-01-23 02:26:06'),
	(388, 10000300, 19, 2, '100', '2024-01-23 02:26:06', '2024-01-23 02:26:06'),
	(389, 10000301, 19, 2, '100', '2024-01-23 02:26:06', '2024-01-23 02:26:06'),
	(390, 10000302, 19, 2, '100', '2024-01-23 02:26:06', '2024-01-23 02:26:06'),
	(391, 10000303, 19, 2, '100', '2024-01-23 02:26:07', '2024-01-23 02:26:07'),
	(392, 10000304, 19, 2, '100', '2024-01-23 02:26:07', '2024-01-23 02:26:07'),
	(393, 10000305, 19, 2, '100', '2024-01-23 02:26:07', '2024-01-23 02:26:07'),
	(394, 10000306, 19, 2, '100', '2024-01-23 02:26:07', '2024-01-23 02:26:07'),
	(395, 10000307, 19, 2, '100', '2024-01-23 02:26:07', '2024-01-23 02:26:07'),
	(396, 10000308, 19, 2, '100', '2024-01-23 02:26:07', '2024-01-23 02:26:07'),
	(397, 10000245, 15, 2, '100', '2024-01-23 02:26:11', '2024-01-23 02:26:11'),
	(398, 10000246, 17, 2, '100', '2024-01-23 02:26:11', '2024-01-23 02:26:11'),
	(399, 10000247, 16, 2, '100', '2024-01-23 02:26:11', '2024-01-23 02:26:11'),
	(400, 10000248, 17, 2, '100', '2024-01-23 02:26:11', '2024-01-23 02:26:11'),
	(401, 10000249, 19, 2, '100', '2024-01-23 02:26:11', '2024-01-23 02:26:11'),
	(402, 10000250, 17, 2, '100', '2024-01-23 02:26:11', '2024-01-23 02:26:11'),
	(403, 10000251, 17, 2, '100', '2024-01-23 02:26:11', '2024-01-23 02:26:11'),
	(404, 10000252, 17, 2, '100', '2024-01-23 02:26:11', '2024-01-23 02:26:11'),
	(405, 10000253, 19, 2, '100', '2024-01-23 02:26:11', '2024-01-23 02:26:11'),
	(406, 10000254, 17, 2, '100', '2024-01-23 02:26:11', '2024-01-23 02:26:11'),
	(407, 10000255, 15, 2, '100', '2024-01-23 02:26:11', '2024-01-23 02:26:11'),
	(408, 10000256, 17, 2, '100', '2024-01-23 02:26:11', '2024-01-23 02:26:11'),
	(409, 10000257, 19, 2, '100', '2024-01-23 02:26:11', '2024-01-23 02:26:11'),
	(410, 10000258, 19, 2, '100', '2024-01-23 02:26:11', '2024-01-23 02:26:11'),
	(411, 10000259, 15, 2, '100', '2024-01-23 02:26:11', '2024-01-23 02:26:11'),
	(412, 10000260, 16, 2, '100', '2024-01-23 02:26:11', '2024-01-23 02:26:11'),
	(413, 10000229, 15, 2, '100', '2024-01-23 02:26:15', '2024-01-23 02:26:15'),
	(414, 10000230, 17, 2, '100', '2024-01-23 02:26:15', '2024-01-23 02:26:15'),
	(415, 10000231, 17, 2, '100', '2024-01-23 02:26:15', '2024-01-23 02:26:15'),
	(416, 10000232, 17, 2, '100', '2024-01-23 02:26:15', '2024-01-23 02:26:15'),
	(417, 10000233, 19, 2, '100', '2024-01-23 02:26:15', '2024-01-23 02:26:15'),
	(418, 10000234, 17, 2, '100', '2024-01-23 02:26:15', '2024-01-23 02:26:15'),
	(419, 10000235, 17, 2, '100', '2024-01-23 02:26:15', '2024-01-23 02:26:15'),
	(420, 10000236, 15, 2, '100', '2024-01-23 02:26:15', '2024-01-23 02:26:15'),
	(421, 10000237, 19, 2, '100', '2024-01-23 02:26:15', '2024-01-23 02:26:15'),
	(422, 10000238, 19, 2, '100', '2024-01-23 02:26:15', '2024-01-23 02:26:15'),
	(423, 10000239, 17, 2, '100', '2024-01-23 02:26:15', '2024-01-23 02:26:15'),
	(424, 10000240, 17, 2, '100', '2024-01-23 02:26:15', '2024-01-23 02:26:15'),
	(425, 10000241, 19, 2, '100', '2024-01-23 02:26:15', '2024-01-23 02:26:15'),
	(426, 10000242, 19, 2, '100', '2024-01-23 02:26:15', '2024-01-23 02:26:15'),
	(427, 10000243, 15, 2, '100', '2024-01-23 02:26:15', '2024-01-23 02:26:15'),
	(428, 10000244, 17, 2, '100', '2024-01-23 02:26:15', '2024-01-23 02:26:15'),
	(429, 10000261, 18, 2, '100', '2024-01-23 02:26:19', '2024-01-23 02:26:19'),
	(430, 10000262, 16, 2, '100', '2024-01-23 02:26:19', '2024-01-23 02:26:19'),
	(431, 10000263, 19, 2, '100', '2024-01-23 02:26:19', '2024-01-23 02:26:19'),
	(432, 10000264, 19, 2, '100', '2024-01-23 02:26:19', '2024-01-23 02:26:19'),
	(433, 10000265, 17, 2, '100', '2024-01-23 02:26:19', '2024-01-23 02:26:19'),
	(434, 10000266, 16, 2, '100', '2024-01-23 02:26:19', '2024-01-23 02:26:19'),
	(435, 10000267, 17, 2, '100', '2024-01-23 02:26:19', '2024-01-23 02:26:19'),
	(436, 10000268, 17, 2, '100', '2024-01-23 02:26:19', '2024-01-23 02:26:19'),
	(437, 10000269, 17, 2, '100', '2024-01-23 02:26:19', '2024-01-23 02:26:19'),
	(438, 10000270, 17, 2, '100', '2024-01-23 02:26:19', '2024-01-23 02:26:19'),
	(439, 10000271, 17, 2, '100', '2024-01-23 02:26:19', '2024-01-23 02:26:19'),
	(440, 10000272, 16, 2, '100', '2024-01-23 02:26:19', '2024-01-23 02:26:19'),
	(441, 10000273, 19, 2, '100', '2024-01-23 02:26:19', '2024-01-23 02:26:19'),
	(442, 10000274, 19, 2, '100', '2024-01-23 02:26:19', '2024-01-23 02:26:19'),
	(443, 10000275, 17, 2, '100', '2024-01-23 02:26:19', '2024-01-23 02:26:19'),
	(444, 10000276, 16, 2, '100', '2024-01-23 02:26:19', '2024-01-23 02:26:19'),
	(445, 10000277, 19, 2, '100', '2024-01-23 02:26:23', '2024-01-23 02:26:23'),
	(446, 10000278, 19, 2, '100', '2024-01-23 02:26:23', '2024-01-23 02:26:23'),
	(447, 10000279, 19, 2, '100', '2024-01-23 02:26:23', '2024-01-23 02:26:23'),
	(448, 10000280, 19, 2, '100', '2024-01-23 02:26:23', '2024-01-23 02:26:23'),
	(449, 10000281, 19, 2, '100', '2024-01-23 02:26:23', '2024-01-23 02:26:23'),
	(450, 10000282, 19, 2, '100', '2024-01-23 02:26:23', '2024-01-23 02:26:23'),
	(451, 10000283, 19, 2, '100', '2024-01-23 02:26:23', '2024-01-23 02:26:23'),
	(452, 10000284, 19, 2, '100', '2024-01-23 02:26:23', '2024-01-23 02:26:23'),
	(453, 10000285, 19, 2, '100', '2024-01-23 02:26:23', '2024-01-23 02:26:23'),
	(454, 10000286, 19, 2, '100', '2024-01-23 02:26:23', '2024-01-23 02:26:23'),
	(455, 10000287, 19, 2, '100', '2024-01-23 02:26:23', '2024-01-23 02:26:23'),
	(456, 10000288, 19, 2, '100', '2024-01-23 02:26:23', '2024-01-23 02:26:23'),
	(457, 10000289, 19, 2, '100', '2024-01-23 02:26:23', '2024-01-23 02:26:23'),
	(458, 10000290, 19, 2, '100', '2024-01-23 02:26:23', '2024-01-23 02:26:23'),
	(459, 10000291, 19, 2, '100', '2024-01-23 02:26:23', '2024-01-23 02:26:23'),
	(460, 10000292, 19, 2, '100', '2024-01-23 02:26:23', '2024-01-23 02:26:23'),
	(461, 10000213, 19, 2, '100', '2024-01-23 02:26:28', '2024-01-23 02:26:28'),
	(462, 10000214, 19, 2, '100', '2024-01-23 02:26:28', '2024-01-23 02:26:28'),
	(463, 10000215, 19, 2, '100', '2024-01-23 02:26:28', '2024-01-23 02:26:28'),
	(464, 10000216, 19, 2, '100', '2024-01-23 02:26:28', '2024-01-23 02:26:28'),
	(465, 10000217, 19, 2, '100', '2024-01-23 02:26:28', '2024-01-23 02:26:28'),
	(466, 10000218, 15, 2, '100', '2024-01-23 02:26:28', '2024-01-23 02:48:19'),
	(467, 10000219, 19, 2, '100', '2024-01-23 02:26:28', '2024-01-23 02:26:28'),
	(468, 10000220, 19, 2, '100', '2024-01-23 02:26:28', '2024-01-23 02:26:28'),
	(469, 10000221, 19, 2, '100', '2024-01-23 02:26:28', '2024-01-23 02:26:28'),
	(470, 10000222, 16, 2, '100', '2024-01-23 02:26:28', '2024-01-23 02:48:19'),
	(471, 10000223, 19, 2, '100', '2024-01-23 02:26:28', '2024-01-23 02:26:28'),
	(472, 10000224, 19, 2, '100', '2024-01-23 02:26:28', '2024-01-23 02:26:28'),
	(473, 10000225, 19, 2, '100', '2024-01-23 02:26:28', '2024-01-23 02:26:28'),
	(474, 10000226, 19, 2, '100', '2024-01-23 02:26:28', '2024-01-23 02:26:28'),
	(475, 10000227, 18, 2, '100', '2024-01-23 02:26:28', '2024-01-23 02:26:49'),
	(476, 10000228, 19, 2, '100', '2024-01-23 02:26:28', '2024-01-23 02:26:28'),
	(477, 10000175, 16, 2, '100', '2024-02-02 01:04:07', '2024-02-02 01:04:07'),
	(478, 10000176, 19, 2, '100', '2024-02-02 01:04:07', '2024-02-02 01:04:07'),
	(479, 10000177, 19, 2, '100', '2024-02-02 01:04:07', '2024-02-02 01:04:07'),
	(480, 10000178, 19, 2, '100', '2024-02-02 01:04:07', '2024-02-02 01:04:07'),
	(481, 10000179, 19, 2, '100', '2024-02-02 01:04:07', '2024-02-02 01:04:07'),
	(482, 10000180, 17, 2, '100', '2024-02-02 01:04:07', '2024-02-02 01:04:07'),
	(483, 10000181, 19, 2, '100', '2024-02-02 01:04:07', '2024-02-02 01:04:07'),
	(484, 10000182, 19, 2, '100', '2024-02-02 01:04:07', '2024-02-02 01:04:07'),
	(485, 10000183, 19, 2, '100', '2024-02-02 01:04:07', '2024-02-02 01:04:07'),
	(486, 10000184, 19, 2, '100', '2024-02-02 01:04:07', '2024-02-02 01:04:07'),
	(487, 10000185, 19, 2, '100', '2024-02-02 01:04:07', '2024-02-02 01:04:07'),
	(488, 10000186, 19, 2, '100', '2024-02-02 01:04:07', '2024-02-02 01:04:07'),
	(489, 10000187, 19, 2, '100', '2024-02-02 01:04:07', '2024-02-02 01:04:07'),
	(490, 10000188, 19, 2, '100', '2024-02-02 01:04:07', '2024-02-02 01:04:07'),
	(491, 10000189, 19, 2, '100', '2024-02-02 01:04:07', '2024-02-02 01:04:07'),
	(492, 10000190, 19, 2, '100', '2024-02-02 01:04:07', '2024-02-02 01:04:07');

-- Dumping structure for table label_img_db.migrations
CREATE TABLE IF NOT EXISTS `migrations` (
  `id` int unsigned NOT NULL AUTO_INCREMENT,
  `migration` varchar(255) COLLATE utf8mb4_unicode_ci NOT NULL,
  `batch` int NOT NULL,
  PRIMARY KEY (`id`)
) ENGINE=InnoDB AUTO_INCREMENT=26 DEFAULT CHARSET=utf8mb4 COLLATE=utf8mb4_unicode_ci;

-- Dumping data for table label_img_db.migrations: ~15 rows (approximately)
DELETE FROM `migrations`;
INSERT INTO `migrations` (`id`, `migration`, `batch`) VALUES
	(1, '2014_10_12_000000_create_users_table', 1),
	(2, '2014_10_12_100000_create_password_reset_tokens_table', 1),
	(3, '2014_10_12_200000_add_two_factor_columns_to_users_table', 1),
	(4, '2019_08_19_000000_create_failed_jobs_table', 1),
	(5, '2019_12_14_000001_create_personal_access_tokens_table', 1),
	(6, '2023_12_27_122216_create_sessions_table', 1),
	(7, '2023_12_27_135909_create_permission_tables', 1),
	(8, '2024_01_02_021040_create_labels_table', 2),
	(14, '2024_01_21_073941_create_label_answers_table', 5),
	(15, '2024_01_23_015946_create_profiles_table', 6),
	(16, '2024_02_04_040720_create_categories_table', 7),
	(17, '2024_01_09_170417_create_projects_table', 8),
	(18, '2024_01_10_073056_create_images_table', 9),
	(22, '2024_02_06_011828_create_image_labels_table', 12),
	(24, '2024_02_06_021704_create_blocks_table', 13),
	(25, '2024_02_06_022441_create_block_labels_table', 13);

-- Dumping structure for table label_img_db.model_has_permissions
CREATE TABLE IF NOT EXISTS `model_has_permissions` (
  `permission_id` bigint unsigned NOT NULL,
  `model_type` varchar(255) COLLATE utf8mb4_unicode_ci NOT NULL,
  `model_id` bigint unsigned NOT NULL,
  PRIMARY KEY (`permission_id`,`model_id`,`model_type`),
  KEY `model_has_permissions_model_id_model_type_index` (`model_id`,`model_type`),
  CONSTRAINT `model_has_permissions_permission_id_foreign` FOREIGN KEY (`permission_id`) REFERENCES `permissions` (`id`) ON DELETE CASCADE
) ENGINE=InnoDB DEFAULT CHARSET=utf8mb4 COLLATE=utf8mb4_unicode_ci;

-- Dumping data for table label_img_db.model_has_permissions: ~0 rows (approximately)
DELETE FROM `model_has_permissions`;

-- Dumping structure for table label_img_db.model_has_roles
CREATE TABLE IF NOT EXISTS `model_has_roles` (
  `role_id` bigint unsigned NOT NULL,
  `model_type` varchar(255) COLLATE utf8mb4_unicode_ci NOT NULL,
  `model_id` bigint unsigned NOT NULL,
  PRIMARY KEY (`role_id`,`model_id`,`model_type`),
  KEY `model_has_roles_model_id_model_type_index` (`model_id`,`model_type`),
  CONSTRAINT `model_has_roles_role_id_foreign` FOREIGN KEY (`role_id`) REFERENCES `roles` (`id`) ON DELETE CASCADE
) ENGINE=InnoDB DEFAULT CHARSET=utf8mb4 COLLATE=utf8mb4_unicode_ci;

-- Dumping data for table label_img_db.model_has_roles: ~3 rows (approximately)
DELETE FROM `model_has_roles`;
INSERT INTO `model_has_roles` (`role_id`, `model_type`, `model_id`) VALUES
	(1, 'App\\Models\\User', 1),
	(2, 'App\\Models\\User', 2);

-- Dumping structure for table label_img_db.password_reset_tokens
CREATE TABLE IF NOT EXISTS `password_reset_tokens` (
  `email` varchar(255) COLLATE utf8mb4_unicode_ci NOT NULL,
  `token` varchar(255) COLLATE utf8mb4_unicode_ci NOT NULL,
  `created_at` timestamp NULL DEFAULT NULL,
  PRIMARY KEY (`email`)
) ENGINE=InnoDB DEFAULT CHARSET=utf8mb4 COLLATE=utf8mb4_unicode_ci;

-- Dumping data for table label_img_db.password_reset_tokens: ~0 rows (approximately)
DELETE FROM `password_reset_tokens`;

-- Dumping structure for table label_img_db.permissions
CREATE TABLE IF NOT EXISTS `permissions` (
  `id` bigint unsigned NOT NULL AUTO_INCREMENT,
  `name` varchar(255) COLLATE utf8mb4_unicode_ci NOT NULL,
  `guard_name` varchar(255) COLLATE utf8mb4_unicode_ci NOT NULL,
  `created_at` timestamp NULL DEFAULT NULL,
  `updated_at` timestamp NULL DEFAULT NULL,
  PRIMARY KEY (`id`),
  UNIQUE KEY `permissions_name_guard_name_unique` (`name`,`guard_name`)
) ENGINE=InnoDB DEFAULT CHARSET=utf8mb4 COLLATE=utf8mb4_unicode_ci;

-- Dumping data for table label_img_db.permissions: ~0 rows (approximately)
DELETE FROM `permissions`;

-- Dumping structure for table label_img_db.personal_access_tokens
CREATE TABLE IF NOT EXISTS `personal_access_tokens` (
  `id` bigint unsigned NOT NULL AUTO_INCREMENT,
  `tokenable_type` varchar(255) COLLATE utf8mb4_unicode_ci NOT NULL,
  `tokenable_id` bigint unsigned NOT NULL,
  `name` varchar(255) COLLATE utf8mb4_unicode_ci NOT NULL,
  `token` varchar(64) COLLATE utf8mb4_unicode_ci NOT NULL,
  `abilities` text COLLATE utf8mb4_unicode_ci,
  `last_used_at` timestamp NULL DEFAULT NULL,
  `expires_at` timestamp NULL DEFAULT NULL,
  `created_at` timestamp NULL DEFAULT NULL,
  `updated_at` timestamp NULL DEFAULT NULL,
  PRIMARY KEY (`id`),
  UNIQUE KEY `personal_access_tokens_token_unique` (`token`),
  KEY `personal_access_tokens_tokenable_type_tokenable_id_index` (`tokenable_type`,`tokenable_id`)
) ENGINE=InnoDB DEFAULT CHARSET=utf8mb4 COLLATE=utf8mb4_unicode_ci;

-- Dumping data for table label_img_db.personal_access_tokens: ~0 rows (approximately)
DELETE FROM `personal_access_tokens`;

-- Dumping structure for table label_img_db.profiles
CREATE TABLE IF NOT EXISTS `profiles` (
  `id` bigint unsigned NOT NULL AUTO_INCREMENT,
  `user_id` bigint NOT NULL,
  `phone` varchar(255) COLLATE utf8mb4_unicode_ci DEFAULT NULL,
  `address` varchar(255) COLLATE utf8mb4_unicode_ci DEFAULT NULL,
  `created_at` timestamp NULL DEFAULT NULL,
  `updated_at` timestamp NULL DEFAULT NULL,
  PRIMARY KEY (`id`)
) ENGINE=InnoDB AUTO_INCREMENT=23 DEFAULT CHARSET=utf8mb4 COLLATE=utf8mb4_unicode_ci;

-- Dumping data for table label_img_db.profiles: ~3 rows (approximately)
DELETE FROM `profiles`;
INSERT INTO `profiles` (`id`, `user_id`, `phone`, `address`, `created_at`, `updated_at`) VALUES
	(1, 1, 'test', 'test', '2024-01-23 02:29:20', '2024-01-23 02:29:23'),
	(2, 2, 'test', 'test', '2024-01-23 02:29:21', '2024-01-23 02:29:22');

-- Dumping structure for table label_img_db.projects
CREATE TABLE IF NOT EXISTS `projects` (
  `id` bigint unsigned NOT NULL AUTO_INCREMENT,
  `name` varchar(255) COLLATE utf8mb4_unicode_ci NOT NULL,
  `description` varchar(255) COLLATE utf8mb4_unicode_ci DEFAULT NULL,
  `user_id` bigint NOT NULL,
  `num_image` int NOT NULL DEFAULT '0',
  `created_at` timestamp NULL DEFAULT NULL,
  `updated_at` timestamp NULL DEFAULT NULL,
  PRIMARY KEY (`id`)
) ENGINE=InnoDB AUTO_INCREMENT=1000022 DEFAULT CHARSET=utf8mb4 COLLATE=utf8mb4_unicode_ci;

-- Dumping data for table label_img_db.projects: ~1 rows (approximately)
DELETE FROM `projects`;
INSERT INTO `projects` (`id`, `name`, `description`, `user_id`, `num_image`, `created_at`, `updated_at`) VALUES
	(1000021, 'test', NULL, 2, 2, '2024-02-15 08:19:32', '2024-02-15 10:11:26');

-- Dumping structure for table label_img_db.roles
CREATE TABLE IF NOT EXISTS `roles` (
  `id` bigint unsigned NOT NULL AUTO_INCREMENT,
  `name` varchar(255) COLLATE utf8mb4_unicode_ci NOT NULL,
  `guard_name` varchar(255) COLLATE utf8mb4_unicode_ci NOT NULL,
  `created_at` timestamp NULL DEFAULT NULL,
  `updated_at` timestamp NULL DEFAULT NULL,
  PRIMARY KEY (`id`),
  UNIQUE KEY `roles_name_guard_name_unique` (`name`,`guard_name`)
) ENGINE=InnoDB AUTO_INCREMENT=3 DEFAULT CHARSET=utf8mb4 COLLATE=utf8mb4_unicode_ci;

-- Dumping data for table label_img_db.roles: ~2 rows (approximately)
DELETE FROM `roles`;
INSERT INTO `roles` (`id`, `name`, `guard_name`, `created_at`, `updated_at`) VALUES
	(1, 'admin', 'web', '2023-12-27 07:08:44', '2023-12-27 07:08:44'),
	(2, 'user', 'web', '2023-12-27 07:08:45', '2023-12-27 07:08:45');

-- Dumping structure for table label_img_db.role_has_permissions
CREATE TABLE IF NOT EXISTS `role_has_permissions` (
  `permission_id` bigint unsigned NOT NULL,
  `role_id` bigint unsigned NOT NULL,
  PRIMARY KEY (`permission_id`,`role_id`),
  KEY `role_has_permissions_role_id_foreign` (`role_id`),
  CONSTRAINT `role_has_permissions_permission_id_foreign` FOREIGN KEY (`permission_id`) REFERENCES `permissions` (`id`) ON DELETE CASCADE,
  CONSTRAINT `role_has_permissions_role_id_foreign` FOREIGN KEY (`role_id`) REFERENCES `roles` (`id`) ON DELETE CASCADE
) ENGINE=InnoDB DEFAULT CHARSET=utf8mb4 COLLATE=utf8mb4_unicode_ci;

-- Dumping data for table label_img_db.role_has_permissions: ~0 rows (approximately)
DELETE FROM `role_has_permissions`;

-- Dumping structure for table label_img_db.sessions
CREATE TABLE IF NOT EXISTS `sessions` (
  `id` varchar(255) COLLATE utf8mb4_unicode_ci NOT NULL,
  `user_id` bigint unsigned DEFAULT NULL,
  `ip_address` varchar(45) COLLATE utf8mb4_unicode_ci DEFAULT NULL,
  `user_agent` text COLLATE utf8mb4_unicode_ci,
  `payload` longtext COLLATE utf8mb4_unicode_ci NOT NULL,
  `last_activity` int NOT NULL,
  PRIMARY KEY (`id`),
  KEY `sessions_user_id_index` (`user_id`),
  KEY `sessions_last_activity_index` (`last_activity`)
) ENGINE=InnoDB DEFAULT CHARSET=utf8mb4 COLLATE=utf8mb4_unicode_ci;

-- Dumping data for table label_img_db.sessions: ~3 rows (approximately)
DELETE FROM `sessions`;
INSERT INTO `sessions` (`id`, `user_id`, `ip_address`, `user_agent`, `payload`, `last_activity`) VALUES
	('cfnP4FCSlh3AXutJoxcj6Oms4c3J25wvtPo6vhmD', NULL, '127.0.0.1', 'Mozilla/5.0 (Windows NT 10.0; Win64; x64) AppleWebKit/537.36 (KHTML, like Gecko) Chrome/121.0.0.0 Safari/537.36', 'YTo0OntzOjY6Il90b2tlbiI7czo0MDoiZDJVYXBnVzFLblB2RkpaZ1dCaUJXN01ZR240SkRzOVNvM3lMVXRGUCI7czozOiJ1cmwiO2E6MTp7czo4OiJpbnRlbmRlZCI7czoxODoiaHR0cDovL2xhYmVsaW1nLnRoIjt9czo5OiJfcHJldmlvdXMiO2E6MTp7czozOiJ1cmwiO3M6MTg6Imh0dHA6Ly9sYWJlbGltZy50aCI7fXM6NjoiX2ZsYXNoIjthOjI6e3M6Mzoib2xkIjthOjA6e31zOjM6Im5ldyI7YTowOnt9fX0=', 1708003926),
	('PWg6qKYiie5oE6HOeQFshm0Otured0xzISqrOGha', NULL, '127.0.0.1', 'Mozilla/5.0 (Windows NT 10.0; Win64; x64) AppleWebKit/537.36 (KHTML, like Gecko) Chrome/121.0.0.0 Safari/537.36', 'YTo0OntzOjY6Il90b2tlbiI7czo0MDoiUk5nV0VkZXFaeEpmTHk5WWJyM2g0TU9BN3B3RXpzNWhLeVA4M2xkRCI7czozOiJ1cmwiO2E6MTp7czo4OiJpbnRlbmRlZCI7czoxODoiaHR0cDovL2xhYmVsaW1nLnRoIjt9czo5OiJfcHJldmlvdXMiO2E6MTp7czozOiJ1cmwiO3M6MTg6Imh0dHA6Ly9sYWJlbGltZy50aCI7fXM6NjoiX2ZsYXNoIjthOjI6e3M6Mzoib2xkIjthOjA6e31zOjM6Im5ldyI7YTowOnt9fX0=', 1708003926),
	('Ye7fSDgBUdAybqj71hlpL7D26Teu2kE6dt6h2aMx', 2, '127.0.0.1', 'Mozilla/5.0 (Windows NT 10.0; Win64; x64) AppleWebKit/537.36 (KHTML, like Gecko) Chrome/121.0.0.0 Safari/537.36', 'YTo2OntzOjY6Il90b2tlbiI7czo0MDoieDd2M0IySEZyejE1N2FlSDU1YzJqVFYyZ1U2NzF2V2hjR3YxRkgzZCI7czozOiJ1cmwiO2E6MDp7fXM6OToiX3ByZXZpb3VzIjthOjE6e3M6MzoidXJsIjtzOjM0OiJodHRwOi8vbGFiZWxpbWcudGgvcHJvamVjdC8xMDAwMDIxIjt9czo2OiJfZmxhc2giO2E6Mjp7czozOiJvbGQiO2E6MDp7fXM6MzoibmV3IjthOjA6e319czo1MDoibG9naW5fd2ViXzU5YmEzNmFkZGMyYjJmOTQwMTU4MGYwMTRjN2Y1OGVhNGUzMDk4OWQiO2k6MjtzOjIxOiJwYXNzd29yZF9oYXNoX3NhbmN0dW0iO3M6NjA6IiQyeSQxMiRzTHgzQmUuYXVxZklsUWJnQ2EvVEUuWEdiUUVsdFgzMG5KY0lOaVV6QnRCc2pLZDBBNWN0TyI7fQ==', 1708017091);

-- Dumping structure for table label_img_db.users
CREATE TABLE IF NOT EXISTS `users` (
  `id` bigint unsigned NOT NULL AUTO_INCREMENT,
  `name` varchar(255) COLLATE utf8mb4_unicode_ci NOT NULL,
  `email` varchar(255) COLLATE utf8mb4_unicode_ci NOT NULL,
  `email_verified_at` timestamp NULL DEFAULT NULL,
  `password` varchar(255) COLLATE utf8mb4_unicode_ci NOT NULL,
  `two_factor_secret` text COLLATE utf8mb4_unicode_ci,
  `two_factor_recovery_codes` text COLLATE utf8mb4_unicode_ci,
  `two_factor_confirmed_at` timestamp NULL DEFAULT NULL,
  `remember_token` varchar(100) COLLATE utf8mb4_unicode_ci DEFAULT NULL,
  `current_team_id` bigint unsigned DEFAULT NULL,
  `profile_photo_path` varchar(2048) COLLATE utf8mb4_unicode_ci DEFAULT NULL,
  `created_at` timestamp NULL DEFAULT NULL,
  `updated_at` timestamp NULL DEFAULT NULL,
  PRIMARY KEY (`id`),
  UNIQUE KEY `users_email_unique` (`email`)
) ENGINE=InnoDB AUTO_INCREMENT=24 DEFAULT CHARSET=utf8mb4 COLLATE=utf8mb4_unicode_ci;

-- Dumping data for table label_img_db.users: ~3 rows (approximately)
DELETE FROM `users`;
INSERT INTO `users` (`id`, `name`, `email`, `email_verified_at`, `password`, `two_factor_secret`, `two_factor_recovery_codes`, `two_factor_confirmed_at`, `remember_token`, `current_team_id`, `profile_photo_path`, `created_at`, `updated_at`) VALUES
	(1, 'Admin', 'admin@gmail.com', NULL, '$2y$12$/LwxUe7MBJQr8rXBNlFA8ulw2sAxAHo90MDlU//WtqLhzWuJ3gXvS', NULL, NULL, NULL, NULL, NULL, NULL, '2023-12-27 07:08:45', '2023-12-27 07:08:45'),
	(2, 'User', 'user@gmail.com', NULL, '$2y$12$sLx3Be.auqfIlQbgCa/TE.XGbQEltX30nJcINiUzBtBsjKd0A5ctO', NULL, NULL, NULL, NULL, NULL, NULL, '2023-12-27 07:08:45', '2023-12-27 07:08:45');

/*!40103 SET TIME_ZONE=IFNULL(@OLD_TIME_ZONE, 'system') */;
/*!40101 SET SQL_MODE=IFNULL(@OLD_SQL_MODE, '') */;
/*!40014 SET FOREIGN_KEY_CHECKS=IFNULL(@OLD_FOREIGN_KEY_CHECKS, 1) */;
/*!40101 SET CHARACTER_SET_CLIENT=@OLD_CHARACTER_SET_CLIENT */;
/*!40111 SET SQL_NOTES=IFNULL(@OLD_SQL_NOTES, 1) */;
